"GDP, current prices (Billions of U.S. dollars)",1980,1981,1982,1983,1984,1985,1986,1987,1988,1989,1990,1991,1992,1993,1994,1995,1996,1997,1998,1999,2000,2001,2002,2003,2004,2005,2006,2007,2008,2009,2010,2011,2012,2013,2014,2015,2016,2017,2018,2019,2020,2021,2022,2023,2024
Afghanistan,no data,no data,no data,no data,no data,no data,no data,no data,no data,no data,no data,no data,no data,no data,no data,no data,no data,no data,no data,no data,no data,no data,4.367,4.553,5.146,6.167,6.925,8.556,10.297,12.066,15.325,17.89,20.293,20.17,20.616,20.057,19.428,20.235,19.585,19.99,20.682,21.928,23.577,25.45,27.608
Albania,1.946,2.229,2.296,2.319,2.29,2.339,2.587,2.566,2.53,2.779,2.221,1.333,0.843,1.461,2.361,2.882,3.2,2.259,2.56,3.209,3.483,3.928,4.348,5.611,7.185,8.052,8.905,10.675,12.901,12.093,11.938,12.896,12.323,12.804,13.219,11.364,11.868,13.055,15.202,15.96,17.21,18.602,20.199,21.79,23.472
Algeria,42.346,44.372,44.78,47.529,51.513,61.132,61.535,63.3,51.664,52.558,61.892,46.67,49.217,50.963,42.426,42.066,46.941,48.178,48.188,48.845,54.749,54.745,56.761,67.864,85.327,103.198,117.027,134.977,171.001,137.054,161.207,200.251,209.016,209.755,213.81,165.979,160.13,167.555,180.441,183.687,193.056,199.917,208.589,216.389,204.536
Angola,6.639,6.214,6.214,6.476,6.864,8.457,7.918,9.05,9.818,11.421,12.571,12.186,9.395,6.819,4.965,6.197,7.994,9.388,7.958,7.526,11.166,10.93,15.286,17.813,23.552,36.971,52.381,65.266,88.539,70.307,83.799,111.79,128.053,136.71,145.712,116.194,101.124,122.124,107.316,92.191,96.426,100.359,104.698,110.351,116.848
Antigua and Barbuda,0.131,0.148,0.164,0.182,0.208,0.241,0.29,0.337,0.399,0.439,0.459,0.482,0.499,0.535,0.589,0.577,0.634,0.681,0.728,0.766,0.83,0.801,0.815,0.856,0.92,1.022,1.157,1.311,1.368,1.224,1.152,1.142,1.211,1.193,1.276,1.359,1.465,1.516,1.626,1.717,1.809,1.891,1.968,2.047,2.13
Argentina,226.569,184.014,91.376,112.721,126.563,95.593,114.949,117.854,138.044,88.567,153.205,205.515,247.987,256.365,279.15,280.08,295.12,317.549,324.242,307.673,308.491,291.738,108.731,138.151,164.922,199.273,232.892,287.921,363.545,334.633,424.728,527.644,579.666,611.471,563.614,642.464,556.774,642.928,518.092,477.743,515.353,560.869,604.538,648.848,673.118
Armenia,no data,no data,no data,no data,no data,no data,no data,no data,no data,no data,no data,no data,0.108,0.835,0.648,1.287,1.597,1.639,1.892,1.845,1.912,2.118,2.376,2.807,3.577,4.9,6.384,9.206,11.662,8.648,9.26,10.142,10.619,11.121,11.61,10.553,10.546,11.537,12.411,13.105,13.868,14.588,15.367,16.199,17.081
Aruba,no data,no data,no data,no data,no data,no data,no data,no data,no data,no data,no data,no data,no data,no data,no data,1.321,1.38,1.532,1.665,1.723,1.873,1.92,1.941,2.021,2.228,2.331,2.424,2.615,2.745,2.499,2.391,2.55,2.535,2.58,2.649,2.691,2.647,2.7,2.833,2.875,2.952,3.048,3.149,3.255,3.364
Australia,162.618,188.056,186.698,179.141,196.765,174.057,181.136,212.699,270.579,307.703,323.373,323.794,317.469,308.743,352.566,378.121,423.55,425.553,380.6,411.045,399.126,376.707,424.358,539.735,656.52,734.283,781.143,947.941,1055.569,998.936,1251.721,1513.99,1569.107,1518.336,1457.48,1235.061,1267.845,1386.357,1418.275,1417.003,1481.461,1550.575,1630.072,1716.124,1800.983
Austria,80.923,70.122,70.111,71.033,67.007,68.624,97.375,121.771,133.592,133.263,166.867,174.435,195.506,190.383,203.97,241.235,237.343,213.045,218.557,217.466,197.338,197.472,214.038,262.146,301.22,316.486,336.279,389.23,432.334,401.187,392.623,431.515,409.652,430.203,442.698,381.998,394.215,417.672,457.637,459.589,481.678,502.028,523.123,544.344,567.014
Azerbaijan,no data,no data,no data,no data,no data,no data,no data,no data,no data,no data,no data,no data,1.193,1.309,2.258,2.417,3.177,3.963,4.28,4.581,5.273,5.475,6.232,7.276,8.682,13.273,21.027,33.09,48.979,44.289,52.913,65.99,69.687,74.16,75.24,50.844,37.83,41.256,45.418,45.248,47.429,49.129,50.795,52.806,55.098
"Bahamas, The",2.598,2.692,3.031,3.373,3.603,3.923,4.241,4.669,4.855,5.473,5.218,5.128,5.125,5.097,5.372,5.653,5.95,6.332,6.833,7.684,8.076,8.318,8.881,8.87,9.055,9.836,10.167,10.618,10.526,9.982,10.096,10.07,10.721,10.628,10.957,11.792,11.839,12.162,12.803,13.262,13.71,14.231,14.785,15.346,15.91
Bahrain,3.593,4.056,4.264,4.368,4.534,4.278,3.347,3.626,4.481,4.675,4.965,5.209,5.442,5.986,6.411,6.787,7.057,7.318,6.996,7.582,9.063,9.189,9.594,11.075,13.15,15.969,18.505,21.73,25.711,22.938,25.713,28.777,30.749,32.539,33.388,31.126,32.25,35.433,38.291,38.952,40.707,42.51,44.237,46.195,48.389
Bangladesh,22.632,22.057,20.197,21.165,24.064,24.756,25.954,28.633,30.904,34.046,35.383,36.468,36.476,38.234,41.538,45.921,48.168,50.34,51.928,53.984,54.586,54.755,57.5,63.204,68.593,70.921,75.77,85.604,97.062,108.896,122.039,131.079,141.705,161.297,184.013,208.322,235.623,262.077,287.63,314.656,343.279,374.653,408.897,446.27,487.059
Barbados,1.018,1.12,1.171,1.243,1.355,1.418,1.557,1.714,1.823,2.018,2.024,2.032,1.957,2.075,2.163,2.229,2.377,2.513,2.833,2.969,3.059,3.055,3.106,3.21,3.444,3.82,4.217,4.674,4.785,4.466,4.53,4.658,4.61,4.677,4.696,4.725,4.841,4.99,5.145,5.207,5.339,5.546,5.78,6.024,6.278
Belarus,no data,no data,no data,no data,no data,no data,no data,no data,no data,no data,no data,no data,12.364,11.02,15.152,10.179,13.953,13.543,14.589,11.678,12.758,12.421,14.654,17.812,23.141,30.211,36.963,45.275,60.746,50.855,57.22,61.368,65.669,75.496,78.736,56.329,47.703,54.723,59.643,60.951,63.664,66.991,70.147,73.471,76.203
Belgium,124.139,102.792,90.44,85.492,81.672,84.92,117.689,146.189,158.943,160.672,201.22,206.469,229.957,219.891,239.9,289.844,281.449,255.132,260.952,260.537,238.555,238.004,259.661,319.552,371.275,387.994,410.155,472.475,521.084,485.783,484.45,527.492,498.161,521.09,531.651,456.067,469.931,495.757,533.153,531.813,553.781,574.69,597.704,620.586,645.647
Belize,0.172,0.179,0.179,0.189,0.211,0.209,0.228,0.267,0.315,0.363,0.412,0.445,0.518,0.56,0.581,0.62,0.641,0.654,0.689,0.732,0.832,0.872,0.933,0.99,1.058,1.114,1.217,1.291,1.369,1.335,1.397,1.487,1.564,1.608,1.693,1.763,1.807,1.863,1.925,1.997,2.071,2.15,2.23,2.314,2.353
Benin,1.685,1.14,1.128,0.999,1.065,1.156,1.49,1.778,1.867,1.734,2.114,2.161,2.403,2.341,1.629,2.19,2.379,2.286,2.46,2.693,2.576,2.682,3.064,3.912,4.526,4.812,5.147,5.977,7.166,7.116,6.983,7.821,8.157,9.16,9.723,8.295,8.576,9.265,10.456,11.184,12.129,13.157,14.269,15.479,16.816
Bhutan,0.127,0.137,0.144,0.156,0.161,0.167,0.189,0.229,0.262,0.261,0.281,0.244,0.238,0.249,0.253,0.296,0.311,0.348,0.382,0.401,0.436,0.455,0.504,0.575,0.67,0.762,0.858,1.02,1.291,1.214,1.433,1.737,1.814,1.849,1.83,2.028,2.117,2.405,2.627,2.84,2.939,3.154,3.441,3.763,4.079
Bolivia,3.589,3.44,3.813,3.609,3.752,4.059,3.97,4.323,4.598,4.716,4.868,5.343,5.643,5.734,5.97,6.702,7.375,7.917,8.49,8.269,8.385,8.155,7.917,8.092,8.785,9.573,11.136,12.696,16.276,16.701,18.807,22.732,26.674,30.018,32.853,32.907,34.091,38.058,41.41,43.687,47.052,50.791,54.992,59.57,64.862
Bosnia and Herzegovina,no data,no data,no data,no data,no data,no data,no data,no data,no data,no data,no data,no data,no data,no data,no data,no data,3.584,4.578,5.281,5.766,5.554,5.784,6.711,8.477,10.157,10.935,12.46,15.323,18.712,17.601,17.164,18.629,17.207,18.155,18.522,16.21,16.91,18.169,19.881,20.152,21.343,22.563,23.945,25.431,27.042
Botswana,1.175,1.038,1.095,1.21,1.201,1.118,1.516,2.376,3.084,3.444,3.803,3.806,3.932,3.961,4.261,4.732,4.881,5.024,4.819,5.485,5.803,5.514,5.456,7.539,8.966,10.013,10.175,10.941,11.028,10.272,12.794,15.393,16.11,14.915,16.259,14.445,15.658,17.383,18.998,19.651,20.873,21.653,22.523,23.838,24.581
Brazil,145.767,167.523,179.102,143.601,142.906,226.858,263.163,286.438,319.991,439.278,455.173,399.108,382.329,429.032,546.57,786.536,850.415,884.308,865.115,599.867,655.435,559.962,509.358,557.681,668.432,890.671,1106.37,1396.108,1694.868,1667.675,2207.62,2613.992,2464.398,2471.563,2456.168,1800.025,1795.601,2053.208,1868.184,1960.19,2062.504,2156.496,2255.582,2359.526,2468.216
Brunei Darussalam,no data,no data,no data,no data,no data,4.434,2.704,3.105,2.955,3.314,3.908,4.109,4.646,4.558,4.537,5.255,5.679,5.769,4.496,5.106,6.662,6.218,6.487,7.279,8.739,10.581,12.736,13.576,16.005,11.892,13.707,18.525,19.047,18.092,17.098,12.931,11.399,12.128,14.082,13.325,14.281,15.332,16.33,17.01,17.203
Bulgaria,24.974,26.937,28.094,28.87,30.668,26.258,23.239,26.938,44.022,44.835,19.768,1.937,7.861,4.266,7.5,12.564,9.491,10.024,13.227,13.501,13.153,14.076,16.277,20.984,25.958,29.636,34.131,44.41,54.408,51.885,50.611,57.42,53.901,55.557,56.815,50.201,53.236,58.335,64.963,67.044,71.746,76.264,81.116,86.081,91.561
Burkina Faso,2.121,1.846,1.719,1.571,1.404,1.553,2.036,2.37,2.616,2.616,3.101,3.135,3.357,3.2,1.924,2.38,2.587,2.448,2.805,3.013,2.633,2.836,3.218,4.212,4.843,5.474,5.806,6.781,8.409,8.391,8.963,10.734,11.172,11.955,12.398,10.425,10.893,12.349,14.18,14.882,16.266,17.695,19.261,20.913,22.758
Burundi,0.951,0.989,1.045,1.106,1.005,1.17,1.233,1.161,1.088,1.131,1.131,1.167,1.082,0.938,0.924,1,0.868,0.972,0.893,0.866,0.87,0.877,0.825,0.785,0.915,1.117,1.273,1.356,1.612,1.775,2.032,2.236,2.333,2.575,2.934,3.005,3.138,3.396,3.436,3.573,3.714,3.862,4.078,4.349,4.64
Cabo Verde,0.157,0.154,0.155,0.152,0.145,0.152,0.21,0.26,0.292,0.295,0.339,0.353,0.395,0.398,0.448,0.536,0.553,0.54,0.575,0.652,0.589,0.616,0.679,0.891,1.023,1.09,1.237,1.514,1.789,1.712,1.664,1.865,1.752,1.851,1.861,1.597,1.664,1.776,1.97,2.042,2.208,2.378,2.564,2.759,2.976
Cambodia,no data,no data,no data,no data,no data,no data,0.205,0.141,0.276,0.346,0.899,2.011,2.439,2.427,2.765,3.441,3.507,3.443,3.13,3.513,3.667,3.992,4.289,4.665,5.334,6.287,7.268,8.63,10.342,10.391,11.232,12.818,14.057,15.228,16.702,18.083,20.043,22.225,24.523,26.979,29.309,31.802,34.448,37.245,40.236
Cameroon,8.193,9.281,8.901,8.972,9.482,9.903,12.909,14.952,15.184,13.539,13.553,15.112,13.851,14.451,9.833,9.326,10.393,10.509,10.495,10.695,9.802,10.377,11.588,14.558,17.44,17.974,19.373,22.397,26.534,26.085,26.193,29.364,29.121,32.358,34.999,30.932,32.635,34.993,38.521,39.219,42.047,45.019,48.399,52.043,56.178
Canada,276.037,307.242,314.635,341.858,356.723,366.185,379.001,433.13,509.369,567.206,596.076,612.508,594.364,579.056,579.919,605.923,630.601,654.981,634.014,678.396,744.766,738.999,760.64,895.569,1026.674,1173.143,1319.306,1468.823,1552.933,1374.624,1617.266,1792.833,1828.686,1847.207,1803.529,1556.127,1530.273,1650.187,1711.387,1739.11,1832.491,1925.551,2027.395,2133.717,2242.038
Central African Republic,0.714,0.743,0.719,0.69,0.67,0.883,1.158,1.275,1.372,1.354,1.572,1.498,1.494,1.309,0.858,1.117,1,0.979,1.036,1.039,0.885,0.897,0.963,1.11,1.257,1.337,1.461,1.698,1.985,1.982,1.986,2.196,2.171,1.519,1.706,1.585,1.756,1.937,2.185,2.285,2.485,2.691,2.917,3.154,3.461
Chad,0.738,0.873,0.844,0.844,0.907,0.983,1.211,1.372,1.604,1.515,1.826,1.809,1.886,1.648,1.335,1.636,1.819,1.748,1.975,1.739,1.572,1.936,2.257,3.102,5.003,6.681,7.45,8.687,10.438,9.312,10.702,12.181,12.411,12.994,14.003,10.952,10.095,9.892,10.919,11.372,12.547,13.636,14.89,15.854,17.047
Chile,28.829,34.133,25.45,20.673,20.104,17.238,18.531,21.856,25.765,29.679,32.998,37.981,46.27,49.505,57.114,73.599,78.024,84.907,81.562,75.094,77.815,70.971,69.729,75.643,99.224,122.996,154.864,173.569,179.488,172.52,218.308,252.096,267.021,278.345,260.479,243.908,250.265,277.668,298.172,295.614,313.561,329.797,346.539,364.091,383.171
"China, People's Republic of",305.348,290.827,286.719,307.677,316.628,312.616,303.34,330.303,411.923,461.066,398.623,415.604,495.671,623.054,566.471,736.87,867.224,965.338,1032.573,1097.138,1214.915,1344.077,1477.501,1671.065,1966.244,2308.8,2774.293,3571.451,4604.285,5121.681,6066.351,7522.103,8570.348,9635.025,10534.526,11226.186,11221.836,12062.281,13407.398,14216.503,15468.095,16806.501,18206.847,19713.516,21309.503
Colombia,46.342,50.488,54.067,53.736,53.075,48.415,48.481,50.467,54.406,54.86,55.879,57.756,68.345,77.456,97.332,110.186,115.734,127.055,117.323,102.78,98.931,97.272,97.02,93.75,115.986,145.162,161.364,205.755,242.028,232.565,286.039,334.476,370.345,381.844,381.241,293.493,282.72,311.796,333.114,336.599,352.81,372.692,393.542,415.969,439.251
Comoros,0.152,0.133,0.126,0.122,0.118,0.12,0.162,0.196,0.207,0.199,0.25,0.26,0.281,0.278,0.186,0.232,0.231,0.212,0.216,0.223,0.202,0.22,0.252,0.325,0.363,0.388,0.404,0.466,0.533,0.537,0.544,0.611,0.596,0.658,0.686,0.582,0.612,0.649,0.742,0.726,0.773,0.821,0.872,0.925,0.984
"Congo, Dem. Rep. of the",68.606,59.726,64.939,52.378,34.951,31.943,35.84,33.932,39.314,40.006,41.448,40.25,36.333,47.45,25.746,25.021,32.099,28.819,21.089,19.147,19.077,8.173,8.719,8.954,10.341,11.951,14.296,16.364,19.129,18.315,20.641,24.575,27.566,32.676,35.918,38.402,39.324,41.447,42.644,48.458,52.475,55.036,57.634,60.255,63.294
"Congo, Republic of ",2.083,1.708,1.489,1.354,1.245,1.276,1.746,2.121,2.257,2.384,2.799,2.725,2.933,2.684,1.769,2.116,2.54,2.323,1.949,2.357,3.22,2.794,3.02,3.502,4.653,6.097,7.738,7.446,10.224,9.363,12.304,14.811,13.664,14.026,14.099,8.554,7.787,8.992,11.188,11.162,11.367,11.486,11.245,11.303,11.666
Costa Rica,4.836,2.626,2.609,3.15,3.664,3.926,4.408,4.537,4.618,5.23,5.716,7.238,8.578,9.586,10.473,11.545,11.64,12.568,13.634,14.211,14.965,15.93,16.525,17.22,18.562,19.994,22.659,26.856,30.844,30.826,37.634,42.717,46.984,50.326,51.181,55.41,57.828,58.654,59.006,60.459,63.46,66.627,70.167,73.993,78.275
Croatia,no data,no data,no data,no data,no data,no data,no data,no data,no data,no data,no data,no data,12.247,12.968,17.349,22.388,23.601,23.974,25.346,23.374,21.774,23.29,26.868,34.668,41.523,45.347,50.387,60.11,70.465,62.712,59.866,62.399,56.549,58.158,57.683,49.519,51.623,55.201,60.688,61.252,64.59,67.7,70.937,74.145,77.197
Cyprus,2.314,2.242,2.319,2.321,2.447,2.611,3.317,3.979,4.589,4.901,6.003,6.195,7.424,7.098,8.004,9.937,10.016,9.544,10.251,10.502,9.988,10.397,11.422,14.552,17.328,18.713,20.422,24.082,27.972,26.008,25.608,27.454,25.055,24.094,23.401,19.691,20.461,22.186,24.492,24.638,26.348,27.955,29.684,31.403,33.22
Czech Republic,no data,no data,no data,no data,no data,no data,no data,no data,no data,no data,no data,no data,no data,no data,no data,59.768,66.986,61.783,66.465,64.867,61.645,67.524,81.899,99.662,119.162,136.281,155.464,189.032,236.031,206.303,207.478,227.948,207.376,209.402,207.818,186.83,195.09,215.914,242.052,246.161,259.736,272.48,286.068,299.653,314.658
Côte d'Ivoire,10.04,8.321,7.466,6.737,6.717,6.851,9.17,10.088,10.195,9.757,10.796,10.493,11.153,11.046,8.313,11,12.139,11.722,12.612,12.377,10.717,11.193,12.347,15.307,16.554,17.085,17.801,20.344,24.225,24.277,24.885,25.67,26.791,31.264,35.316,33.131,35.297,38.13,43.032,45.252,49.882,54.527,59.517,64.388,69.661
Denmark,71.127,61.878,60.413,60.645,59.105,62.658,88.079,109.414,115.552,112.41,138.248,139.226,152.915,143.195,156.164,185.008,187.633,173.539,176.991,177.964,164.158,164.791,178.635,218.097,251.375,264.467,282.886,319.424,353.359,321.243,321.995,344.003,327.149,343.584,352.994,302.673,311.988,329.866,350.874,349.524,364.546,379.881,398.04,418.237,439.867
Djibouti,no data,no data,no data,no data,no data,no data,no data,no data,no data,no data,0.452,0.462,0.478,0.466,0.492,0.498,0.494,0.503,0.514,0.541,0.556,0.577,0.596,0.628,0.666,0.709,0.769,0.848,0.984,1.015,1.099,1.239,1.354,1.455,1.588,1.727,1.889,2.029,2.187,2.392,2.599,2.824,3.068,3.333,3.622
Dominica,0.073,0.082,0.09,0.099,0.109,0.119,0.135,0.152,0.171,0.185,0.201,0.22,0.234,0.246,0.264,0.275,0.292,0.303,0.322,0.332,0.333,0.34,0.333,0.343,0.367,0.364,0.39,0.421,0.458,0.489,0.494,0.501,0.486,0.508,0.528,0.535,0.581,0.553,0.494,0.542,0.59,0.627,0.664,0.688,0.712
Dominican Republic,8.672,9.698,9.141,9.461,14.87,6.496,7.891,8.305,7.605,8.589,7.995,9.887,11.605,13.081,14.645,16.637,18.242,20.017,21.672,22.137,24.306,25.602,27.249,21.518,22.506,35.948,37.998,44.067,48.206,48.319,53.921,58.088,60.747,62.758,66.157,68.898,72.434,76.091,80.94,84.837,90.459,96.568,103.224,110.475,118.234
Ecuador,16.84,17.243,17.214,15.129,16.101,18.83,13.816,12.91,12.277,12.049,12.236,13.73,15.012,17.537,21.147,22.968,24.035,27.009,27.474,19.74,18.319,24.468,28.549,32.433,36.592,41.507,46.802,51.008,61.763,62.52,69.555,79.277,87.925,95.13,101.726,99.29,99.938,104.296,107.511,106.289,107.73,110.571,114.783,118.502,122.025
Egypt,23.523,25.76,30.479,37.254,41.888,48.841,54.076,77.359,92.53,115.362,96.087,48.431,44.168,49.526,54.55,63.26,71.114,79.77,89.188,95.039,104.752,102.273,90.261,85.163,82.855,94.127,112.902,137.055,170.797,198.316,230.024,247.726,278.769,288.007,305.567,332.075,332.484,236.528,249.559,299.589,331.36,345.23,360.552,377.043,402.647
El Salvador,3.912,3.449,3.406,3.261,2.385,2.319,2.335,2.374,2.771,3.167,4.818,5.252,5.813,6.68,7.679,8.922,9.586,10.222,10.937,11.284,11.785,12.283,12.664,13.244,13.725,14.698,16,17.012,17.987,17.602,18.448,20.284,21.386,21.991,22.593,23.438,24.154,24.928,26.057,26.989,28.202,29.394,30.657,31.922,33.225
Equatorial Guinea,0.032,0.03,0.035,0.04,0.044,0.074,0.091,0.111,0.119,0.105,0.133,0.132,0.16,0.162,0.12,0.169,0.276,0.526,0.44,0.738,1.156,1.672,2.061,3.765,5.95,8.184,10.087,13.072,19.75,15.028,16.299,21.329,22.39,21.943,21.737,13.18,11.233,12.287,13.734,12.432,12.263,12.038,11.899,12.022,12.611
Eritrea,no data,no data,no data,no data,no data,no data,no data,no data,no data,no data,no data,no data,0.783,0.483,0.56,0.624,0.749,0.767,0.809,0.794,0.706,0.752,0.729,0.87,1.109,1.098,1.211,1.318,1.38,1.857,2.117,2.609,3.061,3.516,3.964,4.442,5.005,5.813,6.721,7.718,8.116,9.406,10.979,12.706,14.745
Estonia,no data,no data,no data,no data,no data,no data,no data,no data,no data,no data,no data,no data,no data,1.739,2.435,3.797,4.745,5.072,5.621,5.741,5.706,6.259,7.345,9.851,12.071,14.025,16.987,22.264,24.285,19.712,19.536,23.191,23.057,25.145,26.658,22.916,23.994,26.665,30.312,31.026,33.235,35.424,37.702,40.025,42.747
Eswatini,0.754,0.798,0.714,0.734,0.628,0.497,0.635,0.831,0.986,1.006,1.237,1.285,1.425,1.497,1.621,1.932,1.83,1.957,1.797,1.764,1.739,1.544,1.436,2.198,2.774,3.177,3.293,3.465,3.298,3.596,4.438,4.826,4.824,4.563,4.381,4.022,3.817,4.439,4.679,4.662,4.812,4.978,5.209,5.458,5.72
Ethiopia,7.385,7.578,7.973,8.863,8.375,9.808,10.188,10.89,11.285,11.872,12.595,13.928,14.696,9.143,8.135,8.431,8.826,8.909,8.078,7.927,8.235,8.223,7.851,8.623,10.142,12.408,15.283,19.701,26.839,32.464,29.917,31.958,42.221,46.544,54.165,63.081,70.886,75.745,80.279,90.968,99.371,108.065,117.111,127.234,138.04
Fiji,1.231,1.264,1.222,1.149,1.205,1.168,1.32,1.205,1.136,1.21,1.337,1.384,1.532,1.636,1.826,1.97,2.129,2.09,1.653,1.936,1.678,1.652,1.833,2.301,2.708,2.981,3.076,3.378,3.523,2.871,3.14,3.775,3.972,4.19,4.484,4.344,4.569,4.891,5.118,5.324,5.671,6.039,6.426,6.844,7.282
Finland,53.714,52.62,53.111,51.056,53.032,56.223,73.652,91.775,109.255,119.106,141.797,128.287,113.227,89.321,103.76,134.349,132.153,126.997,134.11,135.4,125.883,129.338,139.984,171.365,196.975,204.767,216.733,255.739,285.087,252.137,248.262,273.925,256.849,270.065,273.042,232.582,239.15,252.809,275.321,276.572,289.243,300.441,311.623,323.318,336.219
France,702.243,618.954,588.015,562.499,532.339,557.561,772.838,935.117,1020.878,1026.179,1272.433,1273.594,1404.391,1324.236,1396.653,1602.13,1606.035,1454.555,1505.184,1494.571,1365.972,1377.405,1498.907,1843.646,2117.964,2199.684,2320.53,2660.897,2932.215,2697.044,2647.537,2864.03,2685.311,2811.957,2856.697,2439.435,2466.152,2587.682,2775.252,2761.633,2876.053,2981.601,3099.755,3219.884,3354.126
Gabon,4.559,4.111,3.853,3.689,3.547,3.736,4.889,3.699,4.079,4.458,6.339,5.754,5.955,5.757,4.463,5.281,6.064,5.673,4.774,4.966,5.397,5.022,5.327,6.509,7.764,9.474,10.163,12.457,15.582,12.184,14.385,18.203,17.181,17.596,18.209,14.385,14.02,14.922,17.033,16.709,17.893,19.097,20.361,21.704,23.316
"Gambia, The",0.631,0.604,0.571,0.574,0.413,0.502,0.392,0.525,0.61,0.64,0.751,0.793,0.855,0.916,0.907,0.948,0.989,1.025,1.052,1.08,1.052,1.045,0.924,0.879,1.003,1.078,1.071,1.274,1.613,1.488,1.63,1.398,1.423,1.367,1.259,1.37,1.445,1.483,1.617,1.741,1.87,1.992,2.121,2.249,2.385
Georgia,no data,no data,no data,no data,no data,no data,no data,no data,no data,no data,no data,no data,no data,no data,0.827,1.907,3.063,3.511,3.607,2.805,3.057,3.218,3.396,3.991,5.126,6.411,7.745,10.173,12.795,10.767,11.638,14.435,15.847,16.14,16.51,13.993,14.378,15.08,16.324,17.214,18.888,20.739,22.409,24.167,26.091
Germany,850.475,715.546,690.923,689.294,649.434,658.536,940.551,1170.415,1261.83,1252.635,1592.591,1868.521,2127.853,2069.687,2210.828,2593.835,2504.536,2221.402,2246.306,2202.792,1955.283,1951.98,2085.565,2510.043,2822.205,2866.046,3004.953,3444.723,3770.15,3426.672,3423.466,3761.142,3545.946,3753.687,3904.921,3383.091,3496.606,3700.613,4000.386,3963.88,4157.115,4335.205,4527.21,4713.907,4912.299
Ghana,38.219,61.792,72.037,48.515,17.332,15.379,14.228,11.932,12.678,12.897,14.898,16.673,16.484,13.383,12.303,14.544,15.458,15.786,17.153,17.756,11.467,12.227,14.2,17.494,20.243,24.521,28.785,33.941,38.413,34.254,43.043,53.645,56.504,63.279,53.173,48.595,54.989,58.978,65.191,68.258,72.264,77.628,83.74,90.497,97.375
Greece,57.01,52.605,54.878,49.603,48.329,47.936,56.421,65.682,76.447,79.25,97.963,105.633,116.466,109.022,116.678,136.942,145.872,143.326,144.644,149.412,132.198,136.284,154.307,202.272,240.774,248.184,273.547,318.94,356.14,330.837,299.919,288.062,245.807,239.937,237.406,196.69,195.303,203.493,219.097,219.752,230.5,239.694,248.374,255.865,263.4
Grenada,0.111,0.116,0.125,0.132,0.146,0.168,0.188,0.215,0.236,0.267,0.278,0.301,0.31,0.31,0.325,0.342,0.367,0.392,0.446,0.482,0.52,0.52,0.54,0.591,0.599,0.695,0.699,0.759,0.826,0.771,0.771,0.779,0.8,0.843,0.911,0.997,1.062,1.127,1.196,1.272,1.33,1.395,1.463,1.534,1.608
Guatemala,7.319,7.995,8.098,8.406,8.796,10.385,5.615,6.502,7.042,8.118,7.106,8.687,9.625,10.462,11.855,13.314,14.218,16.103,17.488,16.492,17.187,18.703,20.777,21.918,23.965,27.211,30.231,34.113,39.137,37.734,41.338,47.655,50.388,53.851,58.722,63.767,68.663,75.62,78.979,82.335,87.629,93.473,99.55,106.078,114.948
Guinea,2.4,2.381,2.335,2.284,2.327,2.473,2.675,2.84,3.317,3.384,3.71,4.195,4.57,4.562,4.707,5.139,5.316,5.212,5.003,4.798,4.039,3.806,4.022,4.759,5.054,4.506,4.178,6.317,6.966,6.753,6.866,6.034,7.304,8.374,8.79,8.79,8.695,10.401,11.739,12.623,13.603,14.702,15.781,16.892,18.083
Guinea-Bissau,0.171,0.219,0.249,0.281,0.195,0.287,0.28,0.237,0.221,0.266,0.324,0.456,0.5,0.386,0.435,0.46,0.438,0.416,0.376,0.406,0.364,0.38,0.41,0.477,0.532,0.588,0.592,0.697,0.869,0.829,0.851,1.099,0.99,1.046,1.055,1.048,1.179,1.35,1.459,1.538,1.669,1.808,1.962,2.129,2.316
Guyana,0.559,0.544,0.459,0.466,0.465,0.474,0.523,0.655,0.615,0.779,0.652,0.735,0.602,0.721,0.874,0.993,1.116,1.188,1.114,1.147,1.123,1.127,1.16,1.197,1.26,1.311,1.455,1.741,1.916,2.023,2.262,2.582,2.865,2.988,3.079,3.197,3.504,3.561,3.636,3.83,4.609,5.419,6.013,7.388,8.613
Haiti,1.546,1.702,1.77,1.9,2.105,2.337,2.597,1.279,0.841,0.778,0.99,0.888,0.533,0.61,1.775,2.813,2.908,3.339,3.724,4.154,3.954,3.596,3.472,2.96,3.538,4.31,4.756,5.885,6.55,6.584,6.62,7.516,7.89,8.451,8.774,8.672,8.178,8.608,9.525,9.602,9.648,10.026,10.397,10.794,11.207
Honduras,3.508,3.855,3.97,4.207,4.538,4.976,5.207,5.678,6.324,7.065,4.169,4.195,4.675,4.794,4.693,5.415,5.217,5.736,6.366,6.417,7.104,7.566,7.775,8.14,8.772,9.672,10.842,12.275,13.79,14.486,15.73,17.649,18.529,18.499,19.757,20.98,21.718,23.101,23.778,24.651,25.56,26.637,27.743,28.942,30.217
Hong Kong SAR,28.862,31.055,32.291,29.907,33.511,35.7,41.076,50.623,59.708,68.79,76.929,88.96,104.272,120.354,135.812,144.652,159.718,177.349,168.858,165.734,171.643,169.381,166.336,161.37,169.085,181.556,193.515,211.583,219.279,214.048,228.644,248.484,262.601,275.673,291.438,309.359,320.877,341.679,363.031,381.72,402.034,422.347,443.822,466.307,490.32
Hungary,23.038,23.626,24.06,21.836,21.17,21.438,24.694,27.14,29.699,30.319,34.361,34.749,38.725,40.119,43.16,46.419,46.66,47.29,48.77,49.17,47.311,53.821,67.717,85.325,104.067,113.035,115.295,139.851,157.998,130.594,130.923,140.782,127.857,135.221,140.083,123.074,126.008,139.761,155.703,168.778,177.734,188.376,196.668,206.102,216.393
Iceland,3.434,3.544,3.253,2.795,2.894,3.012,4.017,5.566,6.149,5.705,6.51,6.955,7.112,6.232,6.399,7.131,7.48,7.581,8.494,8.972,9.004,8.205,9.295,11.414,13.835,16.813,17.216,21.515,17.905,13.165,13.684,15.159,14.724,16.034,17.758,17.389,20.618,24.493,25.882,24.544,26.821,28.387,29.862,31.495,33.164
India,189.438,196.535,203.537,222.049,215.556,237.618,252.751,283.75,299.645,300.187,326.608,274.842,293.262,284.194,333.014,366.6,399.791,423.189,428.767,466.841,476.636,493.934,523.768,618.369,721.589,834.218,949.118,1238.7,1224.096,1365.373,1708.46,1823.052,1827.637,1856.721,2039.127,2103.588,2289.754,2652.245,2716.746,2971.996,3257.72,3577.316,3924.107,4306.293,4729.319
Indonesia,99.296,110.848,113.799,103.149,107.218,107.062,101.22,95.214,107.279,122.582,138.258,154.558,168.28,190.913,213.727,244.227,274.722,260.68,115.323,169.158,179.482,174.507,212.807,255.428,279.556,310.815,396.293,470.144,558.582,577.539,755.256,892.59,919.002,916.646,891.051,860.741,932.066,1015.292,1022.454,1100.911,1208.857,1305.733,1399.115,1499.445,1606.73
Iran,93.531,101.451,127.557,155.942,160.074,179.718,208.782,276.875,318.601,379.167,575.265,302.498,49.423,65.03,82.405,115.703,157.347,185.727,208.928,277.095,365.946,334.323,129.778,152.973,186.857,228.18,270.333,351.769,406.212,410.557,482.384,577.214,389.199,396.408,423.409,375.404,404.445,430.709,452.275,484.663,495.694,515.317,536.268,557.624,584.007
Iraq,no data,no data,no data,no data,no data,no data,no data,no data,no data,no data,no data,no data,no data,no data,no data,no data,no data,no data,10.469,18.449,25.857,18.936,18.97,15.8,36.642,50.065,65.144,88.833,131.614,111.66,138.517,185.75,218.032,234.638,234.651,177.722,170.518,193.521,226.07,225.257,246.932,259.534,272.68,286.547,301.907
Ireland,21.419,20.417,21.306,20.612,19.877,21.161,28.507,33.649,36.863,38.018,48.184,48.825,54.894,51.348,55.825,69.238,75.904,82.931,90.192,98.826,100.12,109.189,128.333,164.553,194.065,211.989,232.296,270.3,276.335,236.901,222.533,238.088,225.14,238.708,259.2,290.858,301.968,331.597,372.695,381.571,405.185,428.081,452.683,476.424,502.525
Israel,23.809,25.228,27.037,30.153,28.546,26.531,32.662,39.012,48.326,49.171,58.022,65.818,73.547,73.919,84.379,100.239,109.857,114.624,115.862,117.011,132.243,130.673,121.042,126.808,135.343,142.411,153.982,178.744,215.96,207.45,233.733,261.717,257.435,292.917,310.008,300.471,319.378,353.268,369.843,381.569,403.961,425.999,450.689,476.373,503.289
Italy,482.721,437.76,432.633,448.958,443.573,458.065,648.765,814.268,902.144,938.273,1170.996,1236.942,1312.572,1055.479,1088.653,1171.401,1309.287,1240.398,1267.952,1250.172,1144.881,1163.111,1270.428,1572.348,1800.203,1855.663,1944.257,2206.109,2402.06,2190.702,2129.021,2278.376,2073.971,2131.159,2155.151,1833.195,1869.973,1946.888,2072.201,2025.866,2090.448,2142.457,2200.656,2256.796,2323.028
Jamaica,2.565,2.817,3.235,2.875,2.119,1.993,2.369,2.672,3.184,3.692,4.663,4.285,4.328,5.516,5.529,6.543,7.394,8.4,8.787,8.887,9.065,9.195,9.719,9.43,10.175,11.233,11.946,12.881,13.743,12.107,13.193,14.413,14.765,14.211,13.864,14.152,14.108,14.773,15.422,16.152,16.717,17.503,18.365,19.273,20.227
Japan,1105.386,1218.989,1134.518,1243.324,1318.382,1398.893,2078.953,2532.809,3071.684,3054.914,3132.817,3584.42,3908.808,4454.144,4907.039,5449.118,4833.714,4414.734,4032.511,4562.079,4887.52,4303.542,4115.116,4445.659,4815.169,4755.411,4530.377,4515.263,5037.909,5231.383,5700.099,6157.458,6203.212,5155.716,4850.414,4389.476,4926.668,4859.951,4971.929,5176.205,5495.423,5807.52,6133.859,6475.893,6848.808
Jordan,3.908,4.388,4.684,4.922,4.972,5.001,6.404,6.751,6.324,4.252,4.161,4.345,5.369,5.532,6.197,6.65,6.928,7.246,7.912,8.149,8.461,8.975,9.582,10.196,11.411,12.589,15.057,17.111,21.963,23.82,26.425,28.986,31.418,34.115,36.382,37.97,39.253,40.766,42.371,44.256,46.451,48.85,51.474,54.343,57.373
Kazakhstan,no data,no data,no data,no data,no data,no data,no data,no data,no data,no data,no data,no data,2.875,5.152,11.648,16.594,20.893,22.13,21.624,16.87,18.292,22.153,24.637,30.834,43.152,57.125,81.003,104.85,133.442,115.309,148.047,192.626,207.999,236.635,221.416,184.388,137.289,162.887,170.539,164.207,177.322,190.855,206.041,226.115,248.852
Kenya,10.099,9.513,9.159,8.47,8.788,8.746,10.387,11.387,11.806,11.705,12.18,11.501,11.327,7.869,9.422,11.944,13.565,13.742,15.739,14.353,14.136,14.536,14.764,16.796,18.064,21.001,25.826,31.958,35.895,37.022,40,41.672,50.422,55.125,61.547,64.236,70.876,79.212,89.205,99.246,109.116,118.892,129.616,140.929,153.191
Kiribati,0.042,0.044,0.041,0.038,0.042,0.032,0.031,0.073,0.045,0.044,0.043,0.047,0.048,0.047,0.055,0.056,0.067,0.067,0.066,0.069,0.068,0.063,0.072,0.091,0.103,0.112,0.11,0.133,0.144,0.134,0.157,0.182,0.19,0.186,0.18,0.171,0.178,0.186,0.189,0.187,0.196,0.205,0.214,0.224,0.234
"Korea, Republic of",64.981,72.426,77.773,87.025,96.598,100.273,115.537,146.134,196.965,243.528,279.348,325.733,350.051,386.302,455.605,556.129,598.097,557.504,374.242,485.25,561.634,533.05,609.021,680.518,764.881,898.137,1011.797,1122.679,1002.219,901.935,1094.499,1202.464,1222.807,1305.605,1411.334,1382.764,1414.804,1530.751,1619.424,1656.674,1744.355,1831.937,1929.803,2035.757,2150.904
Kosovo,no data,no data,no data,no data,no data,no data,no data,no data,no data,no data,no data,no data,no data,no data,no data,no data,no data,no data,no data,no data,2.095,2.512,2.701,3.354,3.62,3.74,3.918,4.743,5.714,5.668,5.841,6.699,6.503,7.075,7.398,6.444,6.717,7.242,7.981,8.126,8.677,9.234,9.852,10.491,11.204
Kuwait,28.724,25.249,21.583,20.317,21.457,21.54,17.376,20.817,19.281,23.855,18.293,10.826,19.866,23.996,24.796,27.189,31.492,30.35,25.944,30.123,37.721,34.886,38.135,47.844,59.439,80.807,101.559,114.677,147.402,105.992,115.401,154.02,174.066,174.179,162.695,114.606,109.381,119.533,141.05,136.94,142.999,149.568,155.982,163.309,171.661
Kyrgyz Republic,no data,no data,no data,no data,no data,no data,no data,no data,no data,no data,no data,no data,0.917,0.665,1.108,1.493,1.822,1.767,1.63,1.242,1.368,1.525,1.606,1.92,2.214,2.459,2.837,3.807,5.139,4.69,4.794,6.198,6.604,7.335,7.467,6.678,6.813,7.703,8.093,8.334,8.781,9.288,9.897,10.423,10.976
Lao P.D.R.,1.913,1.118,1.119,2.047,2.93,3.685,2.577,1.815,1.182,1.46,1.742,2.053,2.354,2.652,3.081,3.579,3.726,3.515,1.334,1.415,1.72,1.757,1.844,2.259,2.649,3.049,3.915,4.757,5.948,6.431,7.504,8.963,10.195,11.974,13.266,14.363,15.916,17.069,18.434,20.153,22.013,23.977,26.101,28.411,30.922
Latvia,no data,no data,no data,no data,no data,no data,no data,no data,no data,no data,no data,no data,1.694,2.728,4.532,5.41,5.97,6.527,7.178,7.534,7.941,8.351,9.553,11.753,14.377,16.949,21.466,30.946,35.763,26.238,23.809,28.496,28.141,30.26,31.385,26.986,27.707,30.524,34.881,35.721,38.102,40.403,42.822,45.266,47.975
Lebanon,4.018,3.84,2.619,3.609,4.266,3.563,2.778,3.252,3.267,2.68,2.799,4.39,5.468,7.43,8.982,10.963,12.816,15.525,17.048,17.162,17.007,17.349,18.825,19.473,21.146,21.49,22.049,24.873,29.228,35.477,38.42,40.076,44.231,46.867,48.296,49.974,51.239,53.394,56.409,58.281,60.62,63.395,66.55,69.963,73.697
Lesotho,0.47,0.477,0.397,0.436,0.391,0.312,0.359,0.468,0.531,0.552,0.666,0.756,0.877,0.876,0.923,1.038,0.983,1.036,0.955,0.937,0.911,0.754,0.825,1.193,1.488,1.596,1.634,1.891,1.755,2.074,2.525,2.779,2.655,2.506,2.647,2.351,2.442,2.733,2.762,2.811,2.892,3.041,3.2,3.353,3.498
Liberia,no data,no data,no data,no data,no data,no data,no data,no data,no data,no data,no data,no data,no data,no data,no data,no data,no data,no data,no data,no data,0.874,0.906,0.927,0.748,0.897,0.949,1.119,1.373,1.726,1.768,1.998,2.398,2.721,3.065,3.137,3.163,3.277,3.284,3.249,3.221,3.217,3.266,3.437,3.499,3.712
Libya,38.941,33.641,33.541,31.963,29.93,29.44,23.987,22.294,25.067,26.594,30.644,33.908,34.358,30.921,28.796,32.69,35.683,36.531,29.96,35.975,38.271,34.112,20.471,26.186,32.996,47.335,54.963,67.69,73.917,50.808,68.974,31.999,79.759,51.896,24.262,17.194,18.539,30.565,43.587,44.964,50.424,56.737,64.438,73.848,85.307
Lithuania,no data,no data,no data,no data,no data,no data,no data,no data,no data,no data,no data,no data,no data,no data,no data,6.698,8.385,10.121,11.241,10.973,11.539,12.253,14.275,18.803,22.647,26.182,30.235,39.787,48.125,37.533,37.2,43.564,42.887,46.423,48.632,41.538,42.991,47.64,53.323,54.24,57.602,60.871,64.198,67.488,71.022
Luxembourg,6.46,5.571,4.575,4.491,4.403,4.562,6.638,8.244,9.339,9.944,12.68,13.738,15.39,15.778,17.558,20.655,20.547,18.503,19.341,21.173,21.322,21.287,23.689,29.608,34.722,37.408,42.45,50.959,56.114,51.501,53.312,60.06,56.709,61.759,66.209,57.233,58.985,62.441,68.77,69.634,73.693,77.529,81.622,85.58,90.046
Macao SAR,no data,no data,no data,no data,no data,no data,no data,no data,no data,no data,no data,no data,no data,no data,no data,no data,no data,no data,no data,no data,no data,6.811,7.323,8.195,10.586,12.092,14.79,18.341,20.917,21.475,28.124,36.708,43.032,51.552,55.348,45.362,45.322,50.559,54.545,58.055,62.158,66.673,71.689,77.086,82.99
Madagascar,4.042,3.595,3.526,3.512,2.939,2.858,3.258,2.566,2.442,2.498,3.081,2.677,3.001,3.371,2.977,3.16,3.995,3.546,3.738,3.721,3.878,4.53,4.397,5.474,4.364,5.039,5.516,7.343,9.413,8.55,8.73,9.893,9.92,10.602,10.674,9.703,9.959,11.466,12.093,12.734,13.542,14.503,15.595,16.777,18.054
Malawi,2.146,2.146,2.046,2.121,2.095,1.962,2.048,2.013,2.314,2.639,2.999,3.821,3.12,3.591,2.081,2.423,3.956,4.619,3.036,3.08,3.023,2.967,3.496,3.211,3.476,3.656,3.998,4.431,5.321,6.195,6.957,7.984,5.981,5.432,6.055,6.402,5.492,6.226,6.925,7.436,7.861,8.345,8.918,9.575,10.268
Malaysia,26.382,26.938,28.868,32.286,36.568,33.612,29.879,34.046,37.315,41.095,46.575,52.765,63.521,71.837,79.985,95.395,108.3,107.57,77.508,84.996,100.719,99.639,108.296,118.344,133.966,148.245,168.084,199.96,238.645,208.914,255.024,297.961,314.443,323.276,338.066,296.636,296.753,314.708,354.348,373.447,401.985,431.537,464.466,499.837,539.632
Maldives,0.063,0.073,0.087,0.094,0.113,0.134,0.158,0.149,0.178,0.201,0.231,0.262,0.306,0.346,0.382,0.466,0.527,0.652,0.693,0.756,0.801,0.767,0.828,1.052,1.227,1.163,1.575,1.868,2.272,2.345,2.588,2.629,2.885,3.286,3.69,4.098,4.402,4.858,5.302,5.749,6.213,6.72,7.272,7.851,8.451
Mali,2.031,1.66,1.468,1.418,1.416,1.426,1.981,2.308,2.316,2.827,3.223,3.284,3.372,3.362,2.575,3.337,3.416,3.208,3.328,3.444,2.962,3.468,3.902,4.712,5.45,6.255,6.906,8.157,9.797,10.207,10.699,12.99,12.45,13.243,14.369,13.106,14.016,15.366,17.187,17.833,19.332,20.831,22.464,24.169,25.896
Malta,1.197,1.169,1.105,1.078,1.021,1.034,1.342,1.675,1.901,1.991,2.391,2.601,2.895,2.579,2.856,3.367,3.433,3.475,3.682,3.842,4.059,4.068,4.474,5.422,6.049,6.402,6.79,7.944,9.02,8.55,8.757,9.511,9.215,10.154,11.302,10.701,11.446,12.754,14.505,15.134,16.338,17.428,18.55,19.659,20.845
Marshall Islands,no data,no data,no data,no data,no data,no data,no data,no data,no data,no data,no data,no data,no data,no data,no data,no data,no data,0.108,0.11,0.109,0.112,0.117,0.127,0.129,0.133,0.14,0.147,0.154,0.155,0.155,0.168,0.176,0.187,0.192,0.185,0.181,0.198,0.208,0.214,0.22,0.228,0.236,0.243,0.25,0.256
Mauritania,no data,no data,no data,no data,no data,no data,no data,no data,no data,no data,1.213,1.39,1.464,1.25,1.316,1.415,1.443,1.402,1.371,1.406,1.294,1.296,1.324,1.563,1.831,2.184,3.11,3.343,3.978,3.671,4.344,5.18,5.226,5.724,5.391,4.831,4.686,4.919,5.194,5.569,5.697,5.931,6.629,7.279,8.106
Mauritius,1.225,1.163,1.116,1.182,1.094,1.107,1.495,1.893,2.196,2.256,2.706,2.977,3.352,3.455,3.835,4.38,4.529,4.253,4.296,4.536,4.869,4.817,5.055,6.073,6.869,6.775,7.029,8.15,9.99,9.129,10.004,11.518,11.669,12.13,12.803,11.692,12.232,13.267,14.277,14.812,15.757,16.757,17.856,18.929,20.051
Mexico,228.606,293.61,213.077,173.714,204.86,217.388,150.513,165.058,201.926,246.079,290.402,348.139,403.733,500.795,527.811,360.096,410.973,500.416,526.522,600.225,707.909,756.693,772.11,729.335,782.243,877.477,975.383,1052.697,1109.987,900.047,1057.801,1180.487,1201.094,1274.444,1314.569,1170.567,1077.83,1158.229,1223.359,1241.45,1297.751,1358.368,1424.472,1495.148,1569.978
"Micronesia, Fed. States of",no data,no data,no data,no data,no data,no data,no data,no data,no data,no data,no data,no data,no data,no data,no data,0.221,0.218,0.207,0.219,0.22,0.233,0.241,0.242,0.245,0.24,0.25,0.253,0.257,0.263,0.28,0.297,0.311,0.326,0.316,0.318,0.315,0.331,0.363,0.374,0.383,0.389,0.396,0.401,0.407,0.413
Moldova,no data,no data,no data,no data,no data,no data,no data,no data,no data,no data,no data,no data,1.036,1.333,1.39,1.73,2.033,2.314,2.036,1.406,1.578,1.777,1.995,2.377,3.118,3.587,4.091,5.282,7.267,6.526,6.977,8.417,8.708,9.496,9.51,7.726,8.072,9.67,11.404,12.037,12.793,13.527,14.311,15.134,16.022
Mongolia,3.188,3.336,3.463,3.59,3.316,3.851,4.25,4.776,4.797,4.997,3.131,3.297,1.831,0.902,1.082,1.697,1.573,1.38,1.314,1.236,1.329,1.484,1.634,1.864,2.319,2.523,3.414,4.235,5.623,4.584,7.185,10.41,12.278,12.582,12.227,11.75,11.159,11.434,13.038,13.696,14.96,16.318,17.766,19.435,21.258
Montenegro,no data,no data,no data,no data,no data,no data,no data,no data,no data,no data,no data,no data,no data,no data,no data,no data,no data,no data,no data,no data,0.966,1.15,1.268,1.681,2.072,2.262,2.724,3.686,4.567,4.17,4.147,4.543,4.09,4.466,4.595,4.055,4.376,4.854,5.402,5.443,5.74,6.052,6.413,6.781,7.166
Morocco,21.998,17.86,18.028,16.296,14.904,15.043,19.864,21.911,25.947,26.706,30.18,32.286,33.712,31.656,35.605,39.029,43.162,39.147,41.806,41.632,38.859,39.46,42.238,52.064,59.626,62.343,68.641,79.041,92.507,92.897,93.217,101.371,98.266,106.826,110.081,101.179,103.346,109.709,118.309,121.35,129.056,137.248,146.209,155.821,166.242
Mozambique,5.401,4.195,4.285,3.838,3.998,5.285,6.203,2.803,2.463,2.574,4.13,3.217,2.177,2.265,2.458,2.524,3.468,4.11,4.718,5.167,4.667,4.567,4.977,5.549,6.749,7.595,8.304,9.466,11.555,11.243,10.457,13.131,15.178,16.013,16.872,14.798,10.897,12.586,14.428,15.372,16.294,17.318,18.435,20.645,23.55
Myanmar,no data,no data,no data,no data,no data,no data,no data,no data,no data,no data,no data,no data,no data,no data,no data,no data,no data,no data,5.799,7.095,9.073,8.532,7.652,9.378,11.752,13.184,14.268,17.66,25.1,31.729,39.779,54.119,58.467,60.539,63.273,63.225,60.452,61.386,68.559,65.665,71.403,78.124,85.857,94.227,103.559
Namibia,no data,no data,no data,no data,no data,no data,no data,no data,no data,2.605,2.838,2.854,3.014,2.891,3.254,3.503,3.494,3.636,3.215,3.384,3.911,3.55,3.369,4.932,6.617,7.258,7.984,8.73,8.496,8.915,11.281,12.423,13.016,12.724,12.796,11.769,11.278,13.249,13.824,13.961,14.627,15.453,16.369,17.311,18.338
Nauru,no data,no data,no data,no data,no data,no data,no data,no data,no data,no data,no data,no data,no data,no data,no data,no data,no data,no data,no data,no data,no data,no data,no data,no data,0.031,0.031,0.028,0.02,0.039,0.044,0.049,0.073,0.104,0.109,0.117,0.1,0.102,0.114,0.117,0.114,0.117,0.119,0.123,0.128,0.133
Nepal,1.98,2.315,2.34,2.56,2.708,2.812,3.06,3.175,3.743,3.784,3.894,4.261,3.872,4.158,4.344,4.716,4.861,5.284,5.253,5.404,5.731,5.891,5.976,6.328,7.274,8.18,9.044,10.325,12.545,12.855,16.002,19.011,18.852,19.27,19.995,21.411,21.186,24.88,28.812,28.922,33.035,36.067,39.234,42.825,46.664
Netherlands,193.415,162.114,157.059,152.909,142.325,144.398,201.24,246.488,263.755,260.073,320.839,330.512,365.356,355.303,381.874,452.71,450.625,417.329,438.61,447.474,417.581,431.508,473.072,579.788,657.862,686.202,733.953,848.656,952.491,870.278,848.133,904.915,839.436,877.198,892.397,765.65,783.852,832.239,912.899,914.003,954.931,992.12,1032.965,1073.526,1119.684
New Zealand,22.52,23.439,23.205,22.453,22.347,22.508,27.39,36.927,45.442,44.062,45.774,43.446,41.53,44.797,52.873,62.214,69.063,68.889,56.779,58.849,54.139,53.106,62.046,82.47,101.581,113.204,109.763,134.946,135.531,121.732,145.311,167.113,175.061,186.98,199.755,175.398,185.059,200.317,203.404,210.475,224.943,239.452,254.202,268.564,283.895
Nicaragua,1.832,2.156,2.497,2.9,3.966,3.854,5.8,3.409,1.499,2.082,0.519,3.678,3.894,3.726,3.861,4.14,4.308,4.39,4.635,4.856,5.109,5.335,5.224,5.322,5.793,6.321,6.764,7.423,8.497,8.297,8.759,9.774,10.532,10.983,11.88,12.611,13.184,13.814,13.258,12.612,12.459,12.47,12.565,12.709,13.094
Niger,2.509,2.171,2.018,1.803,1.461,1.44,1.904,2.233,2.28,2.18,2.48,2.328,2.345,2.221,1.563,1.756,1.88,1.733,1.98,1.916,1.671,1.815,2.072,2.645,2.9,3.374,3.65,4.29,5.429,5.411,5.729,6.415,6.946,7.67,8.243,7.255,7.61,8.136,9.226,9.724,10.628,11.519,13.051,14.27,15.451
Nigeria,no data,no data,no data,no data,no data,no data,no data,no data,no data,no data,62.165,60.131,52.275,56.807,80.128,132.23,172.686,187.866,209.677,57.477,67.824,73.128,93.983,102.935,130.345,169.645,222.791,262.215,330.26,297.458,369.062,414.095,460.952,514.965,568.496,493.841,405.442,376.361,397.27,444.916,496.122,551.067,613.936,681.929,756.346
North Macedonia ,no data,no data,no data,no data,no data,no data,no data,no data,no data,no data,no data,no data,2.443,2.687,3.561,4.687,4.642,3.928,3.764,3.867,3.774,3.709,3.991,4.946,5.684,6.257,6.86,8.337,9.912,9.4,9.415,10.659,9.751,10.824,11.378,10.067,10.686,11.307,12.669,12.884,13.7,14.526,15.441,16.389,17.459
Norway,64.439,63.597,62.647,61.628,62.058,65.417,78.693,94.231,101.901,102.634,119.791,121.872,130.838,120.579,127.132,152.028,163.517,161.354,154.165,162.287,171.315,174.004,195.419,228.752,264.356,308.722,345.423,401.085,462.552,386.62,429.131,498.832,510.229,523.502,499.338,386.663,371.345,399.489,434.937,427.041,438.623,449.897,463.216,476.713,490.845
Oman,6.342,7.719,8.1,8.491,9.358,10.395,8.229,8.628,8.386,9.372,11.686,11.341,12.452,12.494,12.919,13.803,15.277,15.837,13.997,15.593,19.507,19.452,20.143,21.634,24.764,31.082,37.216,42.085,60.905,48.388,57.048,68.017,76.616,78.784,81.077,68.919,65.941,70.784,82.243,79.458,84.158,87.401,90.036,93.116,96.634
Pakistan,30.938,36.599,40.012,37.369,40.572,40.565,41.543,43.437,50.107,52.256,52.426,59.556,63.727,67.442,67.998,79.451,82.968,81.806,81.49,82.514,79.705,77.931,77.937,89.727,105.612,118.481,137.229,152.362,170.853,167.875,177.166,213.588,224.384,231.218,244.361,270.556,278.655,304.952,312.57,278.019,no data,no data,no data,no data,no data
Palau,no data,no data,no data,no data,no data,no data,no data,no data,no data,no data,no data,no data,no data,no data,no data,no data,no data,no data,no data,no data,0.145,0.155,0.162,0.153,0.164,0.185,0.188,0.193,0.197,0.183,0.183,0.193,0.215,0.225,0.246,0.293,0.304,0.29,0.297,0.31,0.324,0.337,0.351,0.365,0.38
Panama,4.039,4.571,5.05,5.185,5.412,5.726,5.95,5.976,5.167,5.181,5.632,6.193,7.04,7.688,8.198,8.38,9.881,10.677,11.575,12.13,12.304,12.502,12.994,13.694,15.013,16.374,18.145,21.296,25.156,27.117,29.44,34.686,40.43,45.6,49.921,54.092,57.958,62.284,65.206,70.155,75.494,81.26,87.451,94.112,101.273
Papua New Guinea,4.158,4.081,3.871,3.865,3.57,3.306,3.597,3.953,5.494,5.329,4.84,5.693,6.578,7.477,8.217,7.273,7.74,7.398,5.655,5.16,5.258,4.61,4.58,5.584,6.276,7.312,8.306,9.545,11.671,11.619,14.251,17.985,21.295,21.261,23.06,20.639,19.028,20.334,21.319,21.453,22.114,22.901,23.753,24.598,25.551
Paraguay,4.095,5.22,5.47,6.069,4.931,4.214,5.032,4.216,5.584,4.046,4.904,6.984,7.158,7.249,7.871,9.062,9.788,9.965,9.26,8.837,8.856,8.496,7.196,7.691,9.624,10.738,13.43,17.856,24.577,22.347,27.239,33.716,33.283,38.585,40.277,36.164,36.054,39.009,41.604,42.352,45.376,48.416,51.542,54.762,57.896
Peru,20.19,24.398,24.259,18.863,19.442,16.823,25.241,41.681,32.978,40.699,28.326,33.988,35.377,34.33,43.791,52.14,54.091,56.911,54.601,49.379,51.005,51.613,54.451,59.045,66.71,74.97,87.886,102.187,121.783,121.358,148.82,170.837,192.933,202.118,202.196,191.515,194.47,214.128,225.203,232.08,244.163,257.585,272.483,288.342,304.997
Philippines,36.045,39.595,41.254,36.891,34.857,33.995,33.174,36.871,42.082,47.291,49.095,50.32,58.695,60.237,71.003,82.121,91.792,91.234,72.207,82.995,81.023,76.262,81.358,83.908,91.371,103.074,122.211,149.36,173.603,168.485,199.591,224.143,250.092,271.836,284.585,292.774,304.889,313.595,330.846,356.682,389.048,424.064,466.133,512.619,563.823
Poland,56.619,53.647,65.187,75.406,75.507,70.775,73.677,63.714,68.612,66.895,62.084,80.451,88.713,90.366,103.683,139.089,156.684,157.183,172.05,167.799,171.276,190.43,198.679,217.514,255.284,306.145,344.759,429.473,533.8,440.14,479.161,528.571,500.846,524.399,545.284,477.568,471.843,526.594,586.015,593.295,643.274,695.187,753.265,816.269,883.871
Portugal,32.611,32.48,30.681,28.27,25.954,27.233,37.873,47.391,55.44,59.812,79.447,89.913,108.13,95.149,99.702,118.194,122.654,117.241,124.159,127.63,118.682,121.629,134.644,165.248,189.386,197.624,208.741,240.502,263.249,244.364,238.748,245.119,216.488,226.144,229.995,199.521,206.361,219.748,238.51,239.473,249.912,259.228,269.165,278.694,289.27
Puerto Rico,14.436,15.956,16.764,17.277,19.163,20.289,21.969,23.878,26.178,28.267,30.604,32.287,34.63,36.923,39.691,42.647,45.341,48.187,54.086,57.841,61.702,69.669,72.546,75.834,80.322,83.915,87.276,89.524,93.639,96.386,98.381,100.352,101.565,102.45,102.446,103.376,103.961,104.219,104.344,103.506,104.117,104.624,105.158,105.801,106.49
Qatar,7.829,8.661,7.597,6.468,6.704,6.272,4.95,5.216,5.004,5.288,7.36,6.884,7.646,7.157,7.374,8.138,9.059,11.298,10.255,12.393,17.76,17.538,19.364,23.534,31.734,44.53,60.882,79.712,115.27,97.798,125.122,167.775,186.834,198.728,206.225,161.74,151.732,166.929,192.45,193.502,204.008,213.09,223.404,234.097,248.166
Romania,46.348,55.674,55.729,48.711,39.361,48.595,52.625,58.852,60.925,54.583,38.762,29.256,19.906,26.795,30.571,36.067,35.921,35.872,42.815,36.183,37.466,40.717,46.174,59.868,76.217,99.699,123.534,174.589,214.317,174.102,166.225,183.443,171.196,190.948,199.628,177.895,188.495,211.407,239.851,244.158,263.133,281.732,300.875,320.611,342.42
Russian Federation,no data,no data,no data,no data,no data,no data,no data,no data,no data,no data,992.177,856.322,91.625,196.752,296.466,335.664,419.522,433.619,290.231,209.77,278.075,328.276,369.939,460.746,632.765,817.752,1059.991,1391.683,1778.391,1309.174,1632.841,2044.618,2202.672,2289.244,2056.583,1363.707,1282.663,1578.417,1630.659,1610.381,1667.459,1724.617,1783.008,1845.882,1920.937
Rwanda,1.259,1.429,1.525,1.629,1.56,1.853,2.1,2.331,2.495,2.605,2.491,1.837,1.95,1.881,1.195,1.239,1.343,1.808,1.931,1.797,1.718,1.676,1.673,1.847,2.099,2.59,3.15,3.824,4.863,5.379,5.774,6.492,7.316,7.623,8.01,8.294,8.475,9.141,9.511,10.211,11.062,12.029,13.157,14.422,15.809
Saint Kitts and Nevis,0.058,0.069,0.079,0.078,0.091,0.101,0.119,0.136,0.161,0.179,0.203,0.201,0.223,0.243,0.272,0.293,0.312,0.351,0.366,0.389,0.433,0.475,0.497,0.486,0.529,0.578,0.657,0.724,0.793,0.767,0.767,0.819,0.8,0.849,0.917,0.936,0.959,0.992,1.019,1.058,1.118,1.177,1.234,1.293,1.354
Saint Lucia,0.152,0.174,0.164,0.176,0.225,0.254,0.304,0.336,0.384,0.435,0.518,0.549,0.603,0.613,0.638,0.682,0.706,0.721,0.785,0.825,0.834,0.798,0.805,0.883,0.954,1.016,1.135,1.279,1.287,1.279,1.399,1.444,1.438,1.481,1.542,1.641,1.688,1.81,1.874,1.971,2.069,2.156,2.233,2.312,2.393
Saint Vincent and the Grenadines,0.082,0.102,0.114,0.122,0.135,0.146,0.161,0.176,0.201,0.215,0.24,0.255,0.278,0.286,0.289,0.316,0.331,0.348,0.374,0.391,0.396,0.43,0.462,0.482,0.522,0.551,0.611,0.652,0.695,0.675,0.681,0.676,0.693,0.721,0.728,0.755,0.771,0.785,0.826,0.864,0.903,0.942,0.983,1.026,1.071
Samoa,0.124,0.116,0.119,0.11,0.108,0.103,0.109,0.121,0.135,0.138,0.177,0.172,0.188,0.193,0.154,0.236,0.251,0.273,0.279,0.255,0.264,0.266,0.282,0.333,0.408,0.474,0.503,0.554,0.667,0.586,0.639,0.739,0.801,0.805,0.804,0.804,0.786,0.841,0.861,0.902,0.96,0.996,1.037,1.08,1.124
San Marino,no data,no data,no data,no data,no data,no data,no data,no data,no data,no data,no data,no data,no data,no data,no data,no data,no data,no data,no data,no data,no data,no data,no data,no data,1.714,1.789,1.91,2.189,2.405,2.061,1.883,1.813,1.606,1.678,1.674,1.42,1.468,1.528,1.638,1.62,1.672,1.717,1.763,1.806,1.855
Saudi Arabia,164.54,184.291,153.24,129.181,119.631,103.894,86.886,85.582,88.138,95.217,117.473,132.047,136.905,132.791,134.995,143.152,158.451,165.742,146.775,161.717,189.515,184.137,189.606,215.808,258.742,328.206,376.398,415.687,519.797,429.098,528.207,671.239,735.975,746.647,756.35,654.27,644.936,688.586,782.483,762.259,790.062,817.447,847.555,881.987,919.687
Senegal,4.435,4.022,3.937,3.512,3.425,3.75,5.304,6.381,6.311,6.22,7.237,7.111,7.602,7.189,4.908,6.177,6.413,5.915,6.404,6.521,5.965,6.179,6.773,8.698,10.178,11.041,11.858,14.307,17.029,16.29,16.245,17.895,17.835,18.966,19.802,17.777,18.982,21.135,24.027,25.32,28.062,30.601,35.053,39.259,42.373
Serbia,no data,no data,no data,no data,no data,no data,no data,no data,no data,no data,no data,no data,no data,no data,no data,no data,no data,22.228,17.411,11.369,9.312,12.313,16.177,21.219,24.743,27.496,32.602,43.395,52.094,45.156,41.369,49.28,43.3,48.394,47.062,39.629,40.63,44.12,50.651,52.424,56.886,61.336,66.227,71.242,76.813
Seychelles,0.147,0.154,0.148,0.147,0.151,0.169,0.208,0.249,0.284,0.305,0.369,0.374,0.434,0.474,0.486,0.508,0.503,0.563,0.608,0.623,0.615,0.622,0.698,0.706,0.839,0.919,1.016,1.034,0.967,0.847,0.97,1.018,1.06,1.328,1.343,1.377,1.427,1.498,1.573,1.654,1.739,1.84,1.934,2.037,2.139
Sierra Leone,1.701,1.823,2.05,1.782,2.062,1.755,1.314,1.145,1.877,1.724,0.948,1.138,0.992,1.122,1.331,1.273,1.374,1.24,0.981,0.977,0.941,1.084,1.25,1.38,1.439,1.649,1.884,2.159,2.511,2.454,2.578,2.942,3.802,4.916,5.007,4.252,3.786,3.748,3.906,3.998,4.221,4.442,4.723,5.051,5.4
Singapore,12.079,14.363,15.874,18.002,19.55,18.555,18.763,21.606,26.515,31.393,38.9,45.473,52.157,60.645,73.776,87.892,96.401,100.164,85.708,86.285,95.836,89.285,91.942,97.002,114.187,127.418,147.794,179.981,192.231,192.406,236.42,276.622,291.61,305.157,313.26,306.254,316.558,336.679,361.109,372.807,391.875,410.863,431.771,453.867,477.193
Slovak Republic,no data,no data,no data,no data,no data,no data,no data,no data,no data,no data,no data,no data,no data,13.669,15.772,19.951,21.579,21.891,22.804,20.841,20.691,21.387,24.854,34.023,43.121,49.048,57.402,77.105,97.03,89.171,89.668,98.271,93.466,98.509,101.109,87.814,89.885,95.809,106.585,109.863,117.399,124.755,132.321,139.735,147.101
Slovenia,no data,no data,no data,no data,no data,no data,no data,no data,no data,no data,no data,no data,19.2,16.564,16.783,21.304,21.489,20.791,22.147,22.748,20.446,20.9,23.613,29.736,34.504,36.401,39.621,48.167,55.853,50.372,48.103,51.338,46.378,48.131,49.969,43.124,44.66,48.553,54.242,55.088,58.213,61.2,64.196,67.118,70.293
Solomon Islands,0.177,0.188,0.187,0.176,0.176,0.16,0.143,0.15,0.171,0.167,0.208,0.22,0.261,0.291,0.369,0.429,0.473,0.495,0.423,0.448,0.381,0.38,0.324,0.314,0.363,0.429,0.471,0.516,0.608,0.598,0.681,0.933,1.064,1.13,1.174,1.158,1.235,1.298,1.424,1.511,1.607,1.718,1.833,1.97,2.109
Somalia,no data,no data,no data,no data,no data,no data,no data,no data,no data,no data,no data,no data,no data,no data,no data,no data,no data,no data,no data,no data,no data,no data,no data,no data,no data,no data,no data,no data,no data,no data,no data,6.192,6.39,6.341,6.419,6.669,6.836,7.124,7.48,7.903,8.341,8.803,9.297,9.819,10.37
South Africa,82.981,85.463,78.415,87.417,77.315,59.102,67.562,88.572,95.207,99.044,115.533,123.964,134.557,134.345,139.804,155.461,147.702,152.611,137.687,136.55,136.453,121.602,115.748,175.254,228.931,257.667,271.812,299.033,287.095,297.221,375.304,416.879,396.332,366.821,350.901,317.578,296.273,349.433,368.135,371.298,386.727,403.422,421.287,439.083,458.578
"South Sudan, Republic of",no data,no data,no data,no data,no data,no data,no data,no data,no data,no data,no data,no data,no data,no data,no data,no data,no data,no data,no data,no data,no data,no data,no data,no data,no data,no data,no data,no data,no data,no data,no data,17.186,11.267,14.947,15.105,12.49,2.954,2.949,3.929,3.151,2.796,2.946,4.056,4.048,4.161
Spain,230.189,204.082,197.154,172.429,171.955,181.172,250.683,317.602,373.143,411.571,533.917,575.021,628.565,528.01,529.824,612.429,638.444,587.92,616.885,634.369,597.03,626.403,707.326,908.413,1070.678,1159.151,1265.607,1481.393,1642.765,1502.901,1434.286,1489.431,1336.759,1362.28,1379.098,1199.688,1238.01,1316.951,1425.865,1429.14,1497.082,1559.902,1627.103,1693.073,1766.427
Sri Lanka,5.024,5.228,5.644,6.093,7.142,7.064,7.571,7.884,8.24,8.271,9.468,10.367,11.176,11.948,13.781,14.635,16.051,17.888,18.43,18.532,19.371,18.61,19.585,21.621,23.655,27.945,32.359,37.043,46.602,48.113,56.71,65.267,68.419,74.277,79.312,80.557,81.776,87.351,88.223,84.164,89.942,96.284,103.159,110.373,118.014
Sudan,9.095,6.53,4.748,6.485,7.992,5.547,7.4,11.964,9.551,16.853,2.245,2.528,3.1,5.246,5.961,6.694,8.377,10.241,10.924,10.714,13.134,15.716,18.137,21.355,26.646,35.183,45.264,59.44,64.833,54.812,65.716,66.448,48.948,52.892,60.726,65.296,55.566,45.677,33.903,31.468,31.113,30.928,31.22,31.574,32.069
Suriname,1.192,1.333,1.372,1.325,1.296,1.309,1.336,1.469,1.741,2.034,0.539,0.594,0.551,0.434,0.488,0.927,1.153,1.235,1.483,1.222,1.266,1.09,1.376,1.615,1.868,2.235,2.626,2.936,3.533,3.876,4.368,4.422,4.98,5.146,5.241,4.787,3.166,3.069,3.427,3.683,3.919,4.226,4.408,4.646,4.891
Sweden,138.173,126.126,111.343,102.363,106.624,111.544,147.297,179.074,202.607,213.054,255.94,268.618,279.382,210.185,226.335,264.346,288.457,264.834,267.225,271.176,260.157,240.283,264.345,331.531,382.154,389.489,420.538,488.4,514.585,430.113,488.909,563.797,544.482,579.361,574.413,498.118,512.205,535.607,551.135,547.123,576.72,605.789,643.145,682.207,725.108
Switzerland,118.954,108.905,111.579,111.278,106.269,107.779,154.449,193.384,209.365,202.212,258.017,261.197,271.577,264.178,292.675,342.764,330.251,286.565,294.824,289.535,272.188,278.676,301.52,353.154,393.582,408.68,431.138,480.274,553.842,541.619,583.053,699.67,667.89,688.747,709.496,679.721,670.247,679.011,703.75,707.57,740.702,771.958,808.54,845.384,884.272
Syria,12.98,16.652,17.415,18.649,19.171,21.177,25.428,32.497,16.538,9.849,12.303,12.738,13.263,13.796,15.105,16.556,17.761,16.573,16.144,16.785,19.861,20.979,22.758,21.702,25.204,28.881,33.824,40.488,52.631,53.939,60.043,no data,no data,no data,no data,no data,no data,no data,no data,no data,no data,no data,no data,no data,no data
São Tomé and Príncipe,0.069,0.084,0.081,0.076,0.079,0.083,0.117,0.118,0.1,0.099,0.12,0.108,0.096,0.127,0.132,0.104,0.034,0.046,0.054,0.056,0.058,0.072,0.08,0.096,0.104,0.125,0.133,0.145,0.188,0.188,0.197,0.233,0.253,0.303,0.349,0.316,0.354,0.393,0.449,0.477,0.527,0.631,0.687,0.744,0.782
Taiwan Province of China,42.3,48.986,49.545,54.162,61.088,63.641,78.234,105.04,126.461,152.727,166.845,187.351,223.123,235.166,256.438,279.27,292.687,303.706,280.407,304.174,331.407,300.422,308.884,318.597,348.521,375.787,388.547,408.221,417.038,392.106,446.141,485.671,495.919,511.599,530.515,525.601,531.357,574.895,589.391,601.431,633.695,670.644,713.242,757.123,803.853
Tajikistan,no data,no data,no data,no data,no data,no data,no data,no data,no data,no data,no data,no data,0.291,0.678,0.829,0.569,1.052,1.121,1.32,1.087,0.991,1.057,1.212,1.555,2.073,2.311,2.811,3.712,5.135,4.977,5.642,6.523,7.592,8.506,9.242,7.857,6.953,7.144,7.52,7.698,7.838,8.144,8.489,8.822,9.15
Tanzania,7.412,8.865,10.178,10.425,9.485,8.558,10.82,5.331,5.124,4.343,3.43,4.031,3.7,3.412,3.627,4.251,5.311,6.415,9.454,11.624,12.423,12.743,13.216,14.178,15.547,16.93,18.61,21.502,27.368,28.574,31.086,33.583,39.649,45.68,50.003,47.385,49.774,53.271,57.862,61.032,64.888,69.029,73.758,78.811,84.226
Thailand,33.422,35.999,37.799,41.366,43.179,40.185,44.52,52.204,63.704,74.637,88.467,101.247,115.576,128.89,146.684,169.279,183.035,150.18,113.676,126.669,126.392,120.297,134.301,152.281,172.895,189.318,221.759,262.943,291.383,281.71,341.105,370.818,397.558,420.334,407.339,401.266,412.437,455.322,487.239,516.662,547.431,577.886,610.266,645.287,679.117
Timor-Leste,no data,no data,no data,no data,no data,no data,no data,no data,no data,no data,no data,no data,no data,no data,no data,no data,no data,no data,no data,no data,0.44,0.518,0.511,0.543,1.078,1.814,2.658,2.881,4.391,3.2,3.999,5.682,6.671,5.65,4.045,3.104,2.521,2.778,3.09,3.145,3.413,3.333,3.166,3.498,3.886
Togo,1.479,1.228,1.035,0.986,0.906,0.95,1.331,1.562,1.739,1.706,2.055,2.031,2.13,1.623,1.258,1.661,1.815,1.849,1.75,1.757,1.493,1.483,1.706,2.116,2.26,2.283,2.352,2.663,3.326,3.374,3.432,3.871,3.876,4.322,4.576,4.181,4.486,4.795,5.358,5.592,6.132,6.696,7.317,7.977,8.716
Tonga,0.074,0.082,0.081,0.08,0.084,0.079,0.094,0.101,0.119,0.144,0.15,0.174,0.18,0.188,0.203,0.213,0.234,0.22,0.198,0.201,0.195,0.177,0.191,0.212,0.248,0.283,0.294,0.321,0.342,0.338,0.39,0.456,0.459,0.446,0.447,0.413,0.428,0.455,0.47,0.493,0.512,0.531,0.551,0.569,0.585
Trinidad and Tobago,6.343,7.113,8.28,7.898,7.891,7.503,4.877,4.88,4.574,4.397,5.155,5.399,5.533,4.656,5.032,5.421,5.859,5.837,6.148,6.925,8.295,8.96,9.148,11.464,13.472,16.17,18.6,22.006,28.233,19.562,22.522,25.789,25.769,27.199,27.48,25.121,21.722,22.053,22.311,22.438,23.235,24.29,25.409,26.605,27.916
Tunisia,9.566,9.223,8.9,9.202,9.054,9.245,9.91,10.663,11.073,11.069,13.474,14.202,16.978,15.944,17.052,19.654,21.283,20.747,21.803,22.943,21.474,22.066,23.142,27.454,31.184,32.272,34.377,38.91,44.84,43.466,44.054,45.81,45.044,46.248,47.634,43.152,41.808,39.956,39.911,36.204,35.15,36.526,39.352,42.638,46.175
Turkey,96.526,97.794,88.854,84.906,82.583,92.76,102.304,118.885,125.153,147.688,207.375,208.109,219.091,248.447,179.208,233.34,250.263,261.775,276.012,256.485,273.085,200.305,238.342,311.944,404.853,501.163,550.796,675.01,764.643,644.47,772.29,832.497,873.696,950.328,934.075,859.449,863.39,851.521,766.428,706.237,809.555,929.823,987.577,1044.124,1105.624
Turkmenistan,no data,no data,no data,no data,no data,no data,no data,no data,no data,no data,no data,no data,0.951,5.363,4.542,5.874,2.379,2.681,2.862,3.857,5.022,6.933,8.7,11.424,14.196,17.174,21.393,25.962,21.516,20.214,22.583,29.233,35.164,39.198,43.524,35.8,36.18,37.926,44.114,50.346,57.059,63.819,70.337,77.661,85.807
Tuvalu,no data,no data,no data,no data,no data,no data,no data,no data,no data,no data,no data,no data,no data,no data,no data,no data,no data,no data,no data,no data,0.014,0.013,0.016,0.018,0.022,0.022,0.023,0.027,0.031,0.027,0.032,0.039,0.038,0.038,0.037,0.036,0.037,0.04,0.045,0.049,0.053,0.057,0.062,0.066,0.069
Uganda,5.769,9.341,6.481,7.413,5.703,5.219,5.199,8.384,8.685,7.041,5.743,3.004,2.809,3.323,4.809,5.76,5.944,6.48,6.343,6.029,5.978,6.039,6.494,6.724,8.285,9.603,10.851,13.497,17.279,18.579,20.212,21.108,24.587,25.71,26.723,22.96,24.75,26.456,28.122,30.368,33.62,36.719,40.643,43.403,47.891
Ukraine,no data,no data,no data,no data,no data,no data,no data,no data,no data,no data,no data,no data,22.193,35.025,38.012,38.275,46.083,51.867,43.315,32.661,32.331,37.863,42.339,50.096,64.752,85.996,107.767,143.26,181.313,117.079,136.011,163.161,175.707,179.572,130.571,90.489,93.313,112.125,124.603,134.887,147.17,160.587,174.93,190.331,206.733
United Arab Emirates,40.415,45.002,41.848,38.345,38.012,37.31,29.568,32.466,32.999,38.09,49.09,49.821,52.208,53.438,57.45,63.637,70.991,76.171,73.394,82.865,103.893,103.312,109.816,124.346,147.824,180.617,222.117,257.916,315.475,253.547,289.787,350.666,374.591,390.108,403.137,358.135,357.045,382.575,424.635,427.876,449.13,469.501,490.903,513.767,538.372
United Kingdom,604.678,587.772,558.717,532.564,504.481,536.81,654.761,812.013,988.304,1005.574,1191.021,1244.811,1284.454,1149.99,1235.021,1336.125,1410.853,1553.949,1641.822,1668.683,1651.392,1626.218,1775.814,2045.693,2404.7,2527.843,2700.951,3085.3,2934.747,2403.357,2455.309,2635.799,2677.082,2755.356,3036.31,2897.06,2669.107,2639.974,2828.644,2829.163,2927.083,3027.128,3142.339,3265.559,3399.017
United States,2857.325,3207.025,3343.8,3634.025,4037.65,4339,4579.625,4855.25,5236.425,5641.6,5963.125,6158.125,6520.325,6858.55,7287.25,7639.75,8073.125,8577.55,9062.825,9630.7,10252.35,10581.825,10936.45,11458.25,12213.725,13036.625,13814.6,14451.875,14712.825,14448.925,14992.05,15542.6,16197.05,16784.825,17521.75,18219.3,18707.15,19485.4,20494.05,21344.667,22198.116,23059.653,23922.822,24812.956,25728.734
Uruguay,11.199,12.499,10.218,5.609,5.334,5.212,6.47,8.095,8.375,8.827,10.27,12.376,14.223,16.568,19.299,21.312,22.657,23.974,25.394,23.995,22.832,20.907,13.632,12.067,13.708,17.398,19.62,23.461,30.366,31.661,40.285,47.962,51.266,57.531,57.236,53.275,52.687,59.18,60.18,60.231,63.421,66.977,70.693,74.693,78.747
Uzbekistan,no data,no data,no data,no data,no data,no data,no data,no data,no data,no data,no data,no data,3.559,5.502,6.521,10.168,13.922,14.705,14.948,17.041,13.717,11.632,9.657,10.129,12.001,14.31,17.027,22.307,28.605,33.461,39.338,45.941,51.824,57.7,63.113,66.489,67.069,48.826,41.241,49.199,55.482,62.1,69.265,77.726,87.105
Vanuatu,0.121,0.114,0.114,0.117,0.144,0.132,0.128,0.139,0.158,0.154,0.169,0.201,0.209,0.2,0.234,0.249,0.261,0.273,0.262,0.268,0.272,0.257,0.262,0.315,0.365,0.39,0.435,0.527,0.599,0.607,0.681,0.759,0.77,0.798,0.817,0.774,0.798,0.88,0.928,0.942,0.994,1.048,1.105,1.165,1.228
Venezuela,69.841,78.367,79.998,79.672,57.826,59.865,60.877,46.854,60.378,44.672,48.391,53.382,60.4,59.865,58.357,77.427,70.536,85.667,91.905,97.239,117.676,123.156,95.57,83.67,112.189,143.29,177.531,221.817,289.741,237.294,294.282,334.069,331.457,234.401,212.347,323.595,279.249,143.841,98.468,76.458,70.106,63.565,59.333,55.946,56.149
Vietnam,27.847,13.875,18.405,27.726,48.177,14.999,33.873,42.045,23.234,6.293,6.472,7.642,9.867,13.181,16.312,20.798,24.692,26.892,27.234,28.702,31.176,32.524,35.097,39.563,49.52,57.648,66.393,77.52,98.269,101.634,112.771,134.598,155.483,170.444,185.759,191.288,201.326,220.376,241.272,260.301,282.372,306.008,332.281,361.23,392.844
Yemen,no data,no data,no data,no data,no data,no data,no data,no data,no data,no data,12.644,14.665,17.959,21.737,28.019,12.796,6.496,6.838,6.322,7.639,9.679,9.853,10.693,11.778,13.868,16.732,19.063,21.651,26.911,25.13,30.907,32.726,35.401,40.415,43.229,42.628,30.968,26.819,26.914,29.079,31.385,33.362,35.36,37.491,38.961
Zambia,4.246,4.385,4.232,3.653,3.003,2.848,1.962,2.431,4.095,4.365,4.085,3.69,3.614,3.549,3.657,3.799,3.599,4.303,3.538,3.405,3.601,4.094,4.194,4.902,6.221,8.332,12.757,14.057,17.911,15.328,20.265,23.46,25.503,28.046,27.151,21.243,20.941,25.868,25.179,24.615,25.272,26.345,27.614,29.063,30.629
Zimbabwe,no data,no data,no data,no data,no data,no data,no data,no data,no data,no data,10.144,9.45,7.793,7.569,7.959,8.263,10.117,10.386,12.099,11.769,11.34,11.244,10.735,9.574,9.465,9.046,8.141,7.785,6.707,9.666,12.042,14.102,17.115,19.091,19.496,19.963,20.054,21.89,26.127,22.29,25.812,28.09,30.484,32.944,35.605
Africa (Region),440.295,448.775,456.18,436.139,379.79,374.991,410.3,461.663,490.291,530.45,620.104,568.333,567.936,570.104,560.024,665.108,744.05,773.119,783.65,644.255,665.665,645.836,657.897,789.602,947.727,1116.703,1293.58,1510.793,1764.058,1675.807,1967.22,2194.437,2342.678,2424.918,2507.512,2284.576,2164.052,2187.152,2315.754,2445.939,2633.754,2811.156,3015.676,3232.656,3458.872
Asia and Pacific,2324.841,2486.475,2417.78,2568.672,2719.341,2778.923,3535.78,4198.243,5017.59,5220.081,5443.747,5994.785,6567.329,7393.356,8019.709,9116.218,8899.479,8567.516,7758.995,8626.705,9227.187,8608.397,8843.802,9871.067,11135.9,12040.705,12895.763,14747.89,16715.828,17209.319,20112.269,23113.056,24562.999,24918.314,25830.54,25687.694,26597.166,28316.325,30115.739,31582.523,34103.088,36768.729,39524.423,42487.266,45660.505
Australia and New Zealand,185.139,211.495,209.903,201.594,219.112,196.565,208.527,249.627,316.021,351.764,369.147,367.24,358.999,353.54,405.44,440.334,492.613,494.442,437.379,469.894,453.265,429.813,486.404,622.205,758.101,847.488,890.906,1082.887,1191.099,1120.668,1397.032,1681.103,1744.168,1705.316,1657.235,1410.459,1452.904,1586.674,1621.679,1627.478,1706.405,1790.026,1884.274,1984.688,2084.879
Caribbean,23.349,25.832,27.363,27.538,32.855,24.7,24.728,24.871,24.435,26.668,27.947,29.627,31.229,33.267,36.894,43.103,46.751,50.766,54.683,57.662,61.976,64.011,66.969,63.114,68.309,87.873,94.758,107.894,120.216,108.723,118.537,128.445,132.465,136.1,140.48,142.277,142.294,148.161,156.015,161.797,169.879,179.399,189.653,200.672,212.404
Central America,25.618,24.833,25.809,27.298,28.972,31.395,29.544,28.743,27.737,31.206,28.371,35.688,40.144,43.495,47.34,52.336,55.492,60.349,65.323,66.122,69.286,73.191,76.891,80.527,86.889,95.385,105.858,120.266,136.779,137.397,152.746,174.252,189.813,202.859,215.748,232.061,245.311,260.263,268.209,279.198,294.874,312.011,330.363,350.07,373.384
Central Asia and the Caucasus,96.526,97.794,88.854,84.906,82.583,92.76,102.304,118.885,125.153,147.688,207.375,208.109,228.985,267.951,207.589,273.649,298.168,313.29,328.175,305.814,322.717,254.417,300.525,386.432,501.02,625.293,717.95,896.672,1042.213,898.89,1081.832,1221.475,1299.325,1421.294,1402.813,1256.109,1199.876,1204.115,1131.673,1081.577,1216.904,1370.414,1463.755,1563.492,1673.392
East Asia,1550.064,1665.617,1584.309,1725.684,1829.522,1914.974,2621.388,3169.685,3871.537,3986.022,4057.692,4605.364,5083.755,5819.922,6322.447,7167.735,6753.012,6420.012,5889.905,6615.611,7168.449,6651.957,6678.492,7279.074,8066.22,8522.214,8901.943,9833.433,11286.353,11865.737,13542.919,15626.59,16767.164,16896.2,17630.453,17845.135,18426.701,19380.99,20964.211,22046.229,23758.561,25555.267,27445.339,29468.032,31624.647
Eastern Europe ,152.926,162.112,175.366,177.142,168.996,169.404,176.822,179.211,205.789,199.411,1149.373,1004.047,318.85,457.492,598.728,766.871,894.528,934.863,816.853,702.46,766.779,866.228,978.675,1195.152,1522.547,1865.296,2261.643,2922.65,3653.979,2860.816,3229.661,3818.996,3891.082,4070.604,3835.239,2887.041,2831.754,3302.846,3558.73,3591.745,3790.727,3993.194,4204.789,4428.945,4677.083
Europe,3992.561,3592.407,3477.627,3388.457,3253.797,3370.659,4541.009,5577.14,6237.786,6336.688,8766.228,9107.412,9127.754,8465.135,9098.539,10510.536,10821.018,10274.483,10441.201,10335.244,9723.881,9876.481,10809.552,13132.749,15254.967,16179.412,17478.419,20392.786,22420.39,19683.857,19980.282,21977.187,21058.742,21937.3,22290.39,19136.484,19141.146,20315.644,21846.374,21791.027,22769.2,23696.306,24711.91,25743.406,26874.959
Middle East (Region),389.687,426.538,415.944,420.445,416.726,419.679,426.411,514.722,551.346,621.616,874.06,620.581,399.549,423.305,469.034,525.612,603.533,653.25,660.046,772.565,956.513,909.602,718.306,802.97,966.124,1181.559,1396.128,1655.276,2069.077,1825.795,2151.708,2566.962,2554.546,2666.345,2738.846,2372.966,2377.087,2562.317,2835.035,2862.093,2996.107,3125.974,3265.138,3414.812,3582.143
North Africa,136.375,130.856,135.728,142.243,147.289,163.702,169.372,195.527,206.281,232.288,232.278,175.496,178.432,179.009,178.428,196.7,218.183,224.372,230.944,244.435,258.104,252.655,232.874,258.731,291.987,339.275,387.91,457.674,553.061,522.541,597.477,627.156,710.854,702.732,701.354,659.579,656.306,584.312,631.807,685.794,739.045,775.658,819.14,865.738,904.908
North America,3376.404,3823.833,3888.277,4166.874,4618.396,4942.863,5131.109,5477.316,5973.898,6483.152,6880.207,7151.059,7553.052,7975.323,8434.67,8648.417,9160.041,9781.134,10277.447,10967.161,11766.727,12147.186,12541.746,13158.989,14102.965,15171.16,16196.565,17062.92,17469.385,16819.982,17765.498,18616.272,19328.395,20008.925,20742.293,21049.37,21419.214,22398.035,23533.141,24428.734,25432.475,26448.196,27479.847,28547.622,29647.24
Pacific Islands ,5.926,5.888,5.635,5.535,5.329,4.98,5.422,5.743,7.258,7.187,6.925,7.893,8.996,10.033,11.057,10.427,11.155,10.817,8.536,8.339,8.116,7.406,7.545,9.15,10.47,11.981,13.195,14.974,17.554,16.753,19.939,24.828,28.552,28.816,30.965,28.303,27.023,28.885,30.308,30.813,32.054,33.437,34.918,36.448,38.112
South America,575.012,579.201,492.798,461.473,451.793,498.889,562.39,596.818,664.75,730.205,807.441,827.494,883.897,954.798,1137.963,1441.933,1530.043,1627.684,1607.963,1295.241,1370.134,1258.956,994.692,1071.035,1299.299,1659.124,2015.976,2497.054,3029.883,2905.173,3742.313,4423.804,4412.812,4409.141,4316.457,3724.621,3588.52,3890.743,3599.002,3638.757,3830.605,4027.403,4234.447,4452.281,4661.938
South Asia,250.202,262.944,271.961,289.486,290.316,313.117,331.226,367.257,393.08,399.007,428.291,386,409.057,406.572,461.309,512.085,552.677,579.507,586.944,628.432,637.266,652.344,686.098,800.876,928.619,1061.671,1205.953,1526.922,1554.721,1706.671,2084.398,2256.362,2285.696,2347.918,2572.327,2690.559,2913.514,3338.767,3441.91,3686.347,4027.179,4410.924,4826.204,5281.93,5784.329
Southeast Asia,236.983,242.736,257.118,261.466,292.478,256.527,266.914,287.047,304.542,328.412,374.316,420.178,477.536,535.339,611.868,711.987,791.853,749.448,508.056,598.616,637.374,612.46,684.738,773.33,871.469,972.058,1165.817,1393.002,1623.888,1600.6,1986.15,2302.697,2438.095,2518.77,2536.747,2457.128,2577.149,2776.894,2925.957,3110.08,3361.987,3608.66,3869.934,4152.676,4455.146
Sub-Saharan Africa (Region) ,303.92,317.919,320.452,293.896,232.5,211.289,240.928,266.136,284.01,298.162,387.826,392.837,389.504,391.095,381.596,468.408,525.867,548.747,552.705,399.82,407.561,393.181,425.024,530.871,655.74,777.428,905.67,1053.119,1210.997,1153.267,1369.743,1567.281,1631.824,1722.186,1806.157,1624.997,1507.746,1602.839,1683.947,1760.145,1894.709,2035.498,2196.536,2366.917,2553.964
Western Europe,3839.635,3430.295,3302.261,3211.315,3084.801,3201.255,4364.187,5397.929,6031.997,6137.277,7616.855,8103.365,8808.904,8007.643,8499.811,9743.666,9926.49,9339.62,9624.349,9632.783,8957.102,9010.253,9830.877,11937.597,13732.419,14314.116,15216.776,17470.136,18766.411,16823.041,16750.621,18158.192,17167.66,17866.696,18455.151,16249.444,16309.392,17012.797,18287.644,18199.281,18978.473,19703.113,20507.121,21314.461,22197.876
Western Hemisphere (Region),4000.382,4453.698,4434.247,4683.183,5132.017,5497.848,5747.771,6127.748,6690.821,7271.231,7743.965,8043.868,8508.322,9006.883,9656.867,10185.789,10792.326,11519.933,12005.416,12386.186,13268.122,13543.344,13680.298,14373.665,15557.462,17013.542,18413.158,19788.133,20756.263,19971.275,21779.094,23342.772,24063.485,24757.026,25414.978,25148.329,25395.34,26697.202,27556.366,28508.485,29727.833,30967.009,32234.311,33550.644,34894.966
ASEAN-5,222.992,227.255,240.125,241.417,269.998,229.854,242.665,260.38,273.613,291.898,328.866,366.533,415.94,465.058,527.709,611.819,682.541,636.557,405.947,492.52,518.792,503.229,571.858,649.523,727.309,809.101,974.739,1159.927,1360.481,1338.282,1663.747,1920.11,2036.578,2102.536,2106.8,2042.705,2147.471,2319.294,2436.16,2608.004,2829.693,3045.229,3272.26,3518.418,3782.147
Advanced economies,8449.988,8583.059,8524.402,8868.641,9275.123,9766.887,11918.533,13855.037,15649.65,16326.637,18328.668,19571.28,21050.074,21200.941,22764.68,25206.548,25387.799,24909.044,25005.696,26322.852,26777.436,26500.397,27668.121,31031.434,34414.897,36226.985,38090.841,41605.36,43919.549,41453.778,43248.804,46417.013,46257.05,46662.585,47767.998,45207.2,46402.971,48352.165,51069.772,52174.602,54517.388,56814.082,59248.954,61753.314,64411.17
Commonwealth of Independent States,no data,no data,no data,no data,no data,no data,no data,no data,no data,no data,no data,no data,137.113,263.633,379.402,426.156,529.496,552.858,402.334,304.845,374.374,434.449,486.742,600.966,814.796,1055.509,1369.04,1798.607,2294.991,1725.989,2127.265,2648.652,2858.092,3004.603,2723.522,1894.854,1748.809,2087.295,2171.969,2173.607,2277.753,2384.386,2494.996,2618.737,2760.054
Emerging and Developing Asia,758.631,754.769,769.011,812.382,847.945,831.971,850.845,930.083,1044.977,1117.021,1119.96,1127.943,1277.207,1447.813,1510.014,1805.944,2045.331,2124.835,1970.555,2165.29,2323.964,2451.082,2688.183,3070.101,3559.914,4111.762,4878.287,6178.893,7443.672,8090.698,9751.166,11626.982,12819.844,14007.616,15130.073,15838.041,16156.44,17577.644,19145.98,20407.686,22219.457,24149.394,26184.982,28386.798,30741.663
Emerging and Developing Europe,249.452,259.906,264.22,262.048,251.579,262.164,279.126,298.096,330.942,347.099,364.571,355.835,389.828,427.109,387.393,497.436,534.046,569.111,607.238,570.724,589.249,552.034,629.253,775.591,961.362,1153.768,1286.371,1609.601,1899.532,1597.99,1748.949,1907.817,1877.219,2016.329,2035.741,1825.475,1845.783,1941.568,1985.436,1955.753,2153.588,2371.396,2532.514,2699.457,2880.221
Emerging market and developing economies,2697.778,2824.835,2677.376,2628.254,2626.546,2675.213,2742.738,3024.48,3338.184,3653.428,5119.436,4763.699,4120.816,4657.842,5039.493,5796.937,6472.825,6879.572,6643.942,6442.432,7066.532,7093.112,7052.305,7950.714,9462.078,11321.395,13405.555,16513.254,19833.385,18940.11,22776.462,26827.792,28382.195,30107.167,31084.336,29482.248,29331.668,31792.414,33670.55,35090.624,37792.882,40640.948,43594.522,46774.082,50166.089
Euro area,no data,no data,no data,no data,no data,no data,no data,no data,no data,no data,no data,6098.348,6725.593,6112.997,6457.311,7621.078,7739.209,6949.147,7109.6,7122.668,6494.871,6587.163,7185.574,8853.238,10147.56,10539.06,11182.348,12890.341,14188.286,12947.75,12674.763,13643.586,12658.741,13207.225,13521.197,11689.545,11982.011,12652.421,13669.167,13595.824,14203.279,14757.033,15357.173,15949.262,16600.808
European Union,3803.788,3414.132,3297.853,3210.438,3080.285,3192.114,4301.264,5281.393,5917.841,6023.358,7387.512,7859.733,8587.722,7825.87,8315.389,9615.197,9826.752,9284.647,9604.53,9594.723,8923.544,9008.375,9841.898,11966.464,13807.864,14450.86,15410.369,17820.807,19257.783,17168.338,17035.45,18388.144,17324.865,18058.889,18691.948,16451.716,16561.247,17364.681,18750.052,18705.132,19555.416,20355.545,21233.909,22121.555,23092.977
Latin America and the Caribbean,852.584,923.476,759.047,690.024,718.481,772.373,767.175,815.49,918.848,1034.158,1154.16,1240.947,1359.003,1532.355,1750.007,1897.468,2043.259,2239.216,2254.491,2019.25,2209.305,2152.851,1910.662,1944.011,2236.74,2719.859,3191.976,3777.911,4396.865,4051.34,5071.397,5906.988,5936.184,6022.544,5987.253,5269.526,5053.956,5457.396,5246.584,5321.202,5593.109,5877.181,6178.935,6498.171,6817.704
Major advanced economies (G7),6878.865,7093.288,7063.242,7452.521,7842.582,8315.05,10054.495,11553.002,12990.634,13486.381,14919.059,15978.922,17152.767,17491.142,18705.362,20398.281,20368.151,20117.568,20390.614,21487.392,22002.162,21743.08,22442.92,24771.209,27200.64,28414.414,29634.973,31832.991,33342.839,31772.706,32964.748,35032.238,35211.258,35239.906,36128.771,34717.684,35665.929,36870.696,38853.851,39840.524,41576.728,43279.114,45054.037,46878.712,48808.05
Middle East and North Africa,511.348,538.697,529.383,539.02,543.461,562.397,570.52,683.202,718.851,821.586,1052.227,734.639,509.477,535.357,570.852,630.68,722.172,775.144,787.938,912.649,1097.358,1049.174,850.195,958.44,1151.912,1416.498,1679.198,1997.836,2475.974,2200.384,2586.61,3011.46,3069.882,3142.573,3204.318,2810.596,2782.992,2853.11,3145.763,3213.65,3378.94,3524.119,3683.804,3856.182,4037.928
"Middle East, North Africa, Afghanistan, and Pakistan",542.286,575.296,569.395,576.389,584.033,602.962,612.063,726.639,768.958,873.842,1104.653,794.195,573.203,602.799,638.849,710.131,805.14,856.951,869.428,995.163,1177.063,1127.105,932.499,1052.72,1262.669,1541.145,1823.353,2158.754,2657.124,2380.325,2779.101,3242.938,3314.559,3393.961,3469.294,3101.209,3081.075,3178.297,3477.918,3511.658,3693.674,3862.777,4047.477,4246.188,4456.279
Other advanced economies,767.732,783.558,778.421,776.827,814.519,811.964,989.302,1217.588,1435.749,1561.655,1798.301,1910.729,2038.604,2011.216,2259.845,2662.209,2839.038,2751.631,2484.707,2660.99,2746.196,2662.588,2894.61,3333.139,3807.204,4195.043,4543.183,5193.879,5493.063,5047.599,5809.107,6644.343,6692.592,6912.579,7035.075,6456.46,6588.122,7064.631,7393.635,7486.821,7857.42,8233.221,8661.082,9112.499,9589.688
Sub-Saharan Africa,294.824,311.389,315.703,287.411,224.508,205.742,233.528,254.172,274.459,281.309,383.915,388.457,384.461,384.133,373.827,459.801,515.553,536.601,539.896,387.159,392.578,375.591,404.966,507.325,626.596,739.352,856.528,989.489,1141.202,1093.769,1298.584,1494.414,1576.297,1662.114,1738.452,1553.143,1445.605,1550.214,1642.663,1720.717,1855.301,1995.815,2155.619,2324.731,2510.167
World,11147.766,11407.894,11201.778,11496.895,11901.669,12442.1,14661.271,16879.517,18987.834,19980.065,23448.104,24334.979,25170.89,25858.783,27804.173,31003.485,31860.624,31788.616,31649.638,32765.284,33843.968,33593.509,34720.425,38982.148,43876.975,47548.38,51496.396,58118.615,63752.934,60393.888,66025.267,73244.805,74639.245,76769.752,78852.334,74689.448,75734.639,80144.579,84740.322,87265.226,92310.269,97455.03,102843.476,108527.396,114577.26
,,,,,,,,,,,,,,,,,,,,,,,,,,,,,,,,,,,,,,,,,,,,,
"©IMF, 2019",,,,,,,,,,,,,,,,,,,,,,,,,,,,,,,,,,,,,,,,,,,,,
